system:index,NDVI,temperature,.geo
0,-0.03196262940764427,30.312032810000005,"{""type"":""Point"",""coordinates"":[76.20123856775608,9.949004652891833]}"
1,-0.020842745900154114,30.108660620000023,"{""type"":""Point"",""coordinates"":[76.26317805094291,9.797688867923029]}"
2,0.2096642106771469,35.35532132000003,"{""type"":""Point"",""coordinates"":[76.38495003079244,9.890297880980016]}"
3,0.1505729854106903,38.233294160000014,"{""type"":""Point"",""coordinates"":[76.31001449662979,10.036807695492236]}"
4,-0.0355936661362648,30.373557170000026,"{""type"":""Point"",""coordinates"":[76.2604808136183,9.859357832976556]}"
5,-0.008228792808949947,30.01637407999999,"{""type"":""Point"",""coordinates"":[76.17596199128712,9.86833611163347]}"
6,-0.023791935294866562,30.58376540000006,"{""type"":""Point"",""coordinates"":[76.30358761306263,9.903161818806495]}"
7,0.2850874960422516,35.24252666000001,"{""type"":""Point"",""coordinates"":[76.33348264703204,9.843145321289963]}"
8,0.18618109822273254,31.68778586000002,"{""type"":""Point"",""coordinates"":[76.23695859716598,10.034691900120334]}"
9,0.25452518463134766,34.84945435999998,"{""type"":""Point"",""coordinates"":[76.22370094300659,9.996977247834767]}"
10,-0.030280565842986107,30.125750720000042,"{""type"":""Point"",""coordinates"":[76.20272904875878,9.95184472875833]}"
11,0.2161736786365509,32.588434129999996,"{""type"":""Point"",""coordinates"":[76.25575477231399,9.911829950794475]}"
12,-0.03356540948152542,30.26588953999999,"{""type"":""Point"",""coordinates"":[76.22798972819974,9.967624439680442]}"
13,0.27857115864753723,32.390188970000025,"{""type"":""Point"",""coordinates"":[76.26405430103934,10.050605475209514]}"
14,0.2157975733280182,34.68538940000002,"{""type"":""Point"",""coordinates"":[76.39288682617072,9.891963854226967]}"
15,-0.009840150363743305,29.686535150000026,"{""type"":""Point"",""coordinates"":[76.15887790826217,9.90242551642935]}"
16,-0.008146457374095917,29.806165850000014,"{""type"":""Point"",""coordinates"":[76.1912518316317,9.84274745252286]}"
17,0.39090272784233093,33.51813557000003,"{""type"":""Point"",""coordinates"":[76.31869135255201,9.82251624691713]}"
18,-0.01174152921885252,29.52417920000002,"{""type"":""Point"",""coordinates"":[76.15301013880354,9.986041669924195]}"
19,0.30496352910995483,35.97398294000004,"{""type"":""Point"",""coordinates"":[76.39970277696298,9.908797700380985]}"
20,-0.01614593341946602,30.911895320000013,"{""type"":""Point"",""coordinates"":[76.26549100349536,10.012047850790427]}"
21,0.21348966658115387,36.035507300000006,"{""type"":""Point"",""coordinates"":[76.32903737942316,9.863116561690699]}"
22,0.21027345955371857,34.19661254000005,"{""type"":""Point"",""coordinates"":[76.25864210545456,9.923525410757113]}"
23,-0.0326201356947422,30.165057950000033,"{""type"":""Point"",""coordinates"":[76.24551177726417,9.904038239117687]}"
24,0.16609801352024078,32.92852712000001,"{""type"":""Point"",""coordinates"":[76.32236772469945,9.828317366416718]}"
25,0.21089766919612885,38.099991380000006,"{""type"":""Point"",""coordinates"":[76.284313770868,9.968880643616533]}"
26,0.34306731820106506,32.58159809000006,"{""type"":""Point"",""coordinates"":[76.37498429316881,9.901763740990516]}"
27,0.19122809171676636,36.450796730000036,"{""type"":""Point"",""coordinates"":[76.35945086592089,9.999651249239896]}"
28,-0.024572746828198433,30.036882200000036,"{""type"":""Point"",""coordinates"":[76.24262506958485,9.891225618716428]}"
29,-0.03688346594572067,30.99392780000005,"{""type"":""Point"",""coordinates"":[76.2627072035587,9.896132267933494]}"
30,-0.014679205603897572,30.85378898000002,"{""type"":""Point"",""coordinates"":[76.27213750299639,10.000837396039696]}"
31,0.28343474864959717,36.48668594000003,"{""type"":""Point"",""coordinates"":[76.27697154750776,9.901635309402154]}"
32,0.14439064264297485,37.75135334000004,"{""type"":""Point"",""coordinates"":[76.31457907600404,10.002010350491975]}"
33,-0.005626849830150604,29.879653280000014,"{""type"":""Point"",""coordinates"":[76.21424269287446,9.810463170594991]}"
34,0.15200191736221313,39.140778470000015,"{""type"":""Point"",""coordinates"":[76.28268950350758,9.971293581391489]}"
35,0.32843783497810364,33.57111488000001,"{""type"":""Point"",""coordinates"":[76.33081115181132,9.966527793570087]}"
36,-0.0025078135076910257,30.58376540000006,"{""type"":""Point"",""coordinates"":[76.29434052274324,9.815777245465796]}"
37,0.28493621945381165,34.71444257000002,"{""type"":""Point"",""coordinates"":[76.33644832856673,9.98137042089561]}"
38,-0.04184897243976593,30.429954500000008,"{""type"":""Point"",""coordinates"":[76.20530915226531,10.03223807125194]}"
39,0.1291903853416443,38.10682742000006,"{""type"":""Point"",""coordinates"":[76.31205276255939,9.985194500113694]}"
40,0.1478491574525833,41.14373819000002,"{""type"":""Point"",""coordinates"":[76.34725321891182,9.979917472958471]}"
41,-0.014084859751164913,30.175312010000027,"{""type"":""Point"",""coordinates"":[76.24483574172409,9.85569202384796]}"
42,0.22517012059688568,37.836803840000016,"{""type"":""Point"",""coordinates"":[76.37478684136369,9.925806190586878]}"
43,0.3098980188369751,32.70293780000003,"{""type"":""Point"",""coordinates"":[76.37394520474143,10.01134122598899]}"
44,-0.008164542727172375,30.05568131000001,"{""type"":""Point"",""coordinates"":[76.2054611435388,9.871806631133342]}"
45,0.2798754572868347,35.953474820000025,"{""type"":""Point"",""coordinates"":[76.38186319472979,9.865786083524728]}"
46,-8.679796010255814E-4,31.27762346000003,"{""type"":""Point"",""coordinates"":[76.2356700226542,10.019806691684733]}"
47,-0.01630440168082714,30.207783200000023,"{""type"":""Point"",""coordinates"":[76.23071631470474,9.89517336087571]}"
48,0.15842555463314056,36.86779517000002,"{""type"":""Point"",""coordinates"":[76.27516388251087,10.021235802430876]}"
49,0.31010305881500244,37.74793532000001,"{""type"":""Point"",""coordinates"":[76.29978399586119,9.802304798201211]}"
50,0.19678059220314026,37.93250840000002,"{""type"":""Point"",""coordinates"":[76.35402778239445,10.000417186203725]}"
51,0.17888794839382172,32.104784300000006,"{""type"":""Point"",""coordinates"":[76.27699751406479,9.81387415158509]}"
52,0.2070654034614563,38.08290127999999,"{""type"":""Point"",""coordinates"":[76.32219315928921,10.021673617499427]}"
53,-0.007760079111903906,29.857436150000012,"{""type"":""Point"",""coordinates"":[76.16467447054525,9.863340721053907]}"
54,0.2873798608779907,34.34016938000002,"{""type"":""Point"",""coordinates"":[76.22190813211337,10.013245258172935]}"
55,0.015480095520615578,30.717068180000012,"{""type"":""Point"",""coordinates"":[76.26778882718405,9.899576645949772]}"
56,0.21019816398620605,35.517677270000036,"{""type"":""Point"",""coordinates"":[76.33170570060321,9.963055651405439]}"
57,-0.010448128916323185,29.67969911000006,"{""type"":""Point"",""coordinates"":[76.14216512888402,9.96458025816844]}"
58,0.2725169062614441,34.34358740000005,"{""type"":""Point"",""coordinates"":[76.28473450392853,10.059963605616312]}"
59,0.15865439176559448,37.47620273000001,"{""type"":""Point"",""coordinates"":[76.31986068212223,9.951738305764144]}"
60,-0.007207843475043774,29.790784760000008,"{""type"":""Point"",""coordinates"":[76.21047945728026,9.816788870647558]}"
61,0.16426882147789001,33.024231680000014,"{""type"":""Point"",""coordinates"":[76.25270222887416,9.91210291908379]}"
62,0.11761981248855591,38.37343298000002,"{""type"":""Point"",""coordinates"":[76.25839674645353,9.937446852699182]}"
63,0.23568245768547058,31.728802100000053,"{""type"":""Point"",""coordinates"":[76.33220939522265,9.820567915361298]}"
64,-0.0048109483905136585,31.052034140000046,"{""type"":""Point"",""coordinates"":[76.31815313407276,9.865659950917536]}"
65,-0.025878798216581345,30.510277970000033,"{""type"":""Point"",""coordinates"":[76.26801514117656,9.832857038588811]}"
66,0.2999809980392456,32.817441470000006,"{""type"":""Point"",""coordinates"":[76.30285370626126,9.846592070308585]}"
67,-0.04257865622639656,30.122332700000015,"{""type"":""Point"",""coordinates"":[76.2063765974611,10.02561333048298]}"
68,-0.010573901236057281,30.34108598000003,"{""type"":""Point"",""coordinates"":[76.21310890898617,9.875043394941521]}"
69,-0.01602761261165142,30.260762510000006,"{""type"":""Point"",""coordinates"":[76.23869291530613,9.869859728940176]}"
70,-0.013264746405184269,30.071062400000017,"{""type"":""Point"",""coordinates"":[76.2405076275804,9.849920274308591]}"
71,-0.006869229022413492,30.006120020000026,"{""type"":""Point"",""coordinates"":[76.20384212313424,9.83344054642459]}"
72,0.17697285115718842,36.860959130000026,"{""type"":""Point"",""coordinates"":[76.33448977224171,9.9812180757591]}"
73,-0.017603660002350807,29.686535150000026,"{""type"":""Point"",""coordinates"":[76.16416061071104,9.972260865152005]}"
74,-0.019527623429894447,29.88307130000004,"{""type"":""Point"",""coordinates"":[76.17828100050919,10.001098411655022]}"
75,-0.009927229955792427,29.903579420000028,"{""type"":""Point"",""coordinates"":[76.16614068994879,9.894377331560728]}"
76,0.1572810411453247,36.748164470000006,"{""type"":""Point"",""coordinates"":[76.3061158779186,9.951205085020556]}"
77,-0.009731520898640156,29.797620800000033,"{""type"":""Point"",""coordinates"":[76.14591452653569,9.886914144698414]}"
78,-0.008981565944850445,29.966812790000006,"{""type"":""Point"",""coordinates"":[76.16739597875936,9.845910618181888]}"
79,-0.034696709364652634,30.50515094000002,"{""type"":""Point"",""coordinates"":[76.2706411699344,9.889737290752032]}"
80,0.22606879472732544,37.819713740000026,"{""type"":""Point"",""coordinates"":[76.34466646095805,10.0083638786178]}"
81,-0.02964453585445881,30.761502440000015,"{""type"":""Point"",""coordinates"":[76.23860037299374,10.03929983191792]}"
82,0.3717133104801178,32.09453024000004,"{""type"":""Point"",""coordinates"":[76.34773298584483,9.922554402439888]}"
83,-0.007589136715978384,30.732449270000018,"{""type"":""Point"",""coordinates"":[76.23908140308544,10.038116218216471]}"
84,0.2713559567928314,36.22008038000001,"{""type"":""Point"",""coordinates"":[76.37672398420095,10.001505320058062]}"
85,0.2709234654903412,34.32649730000003,"{""type"":""Point"",""coordinates"":[76.22920228210856,10.035297809980898]}"
86,0.3057819604873657,34.26155491999998,"{""type"":""Point"",""coordinates"":[76.33635622672448,9.83898658665596]}"
87,-0.02071455866098404,30.976837700000033,"{""type"":""Point"",""coordinates"":[76.28472113949789,9.865900643358327]}"
88,0.17518290877342224,35.70054134000003,"{""type"":""Point"",""coordinates"":[76.31563691363465,10.052971433137705]}"
89,0.24920456111431122,34.79818406000004,"{""type"":""Point"",""coordinates"":[76.33861432549773,10.008569369934946]}"
90,0.31615376472473145,32.579889080000044,"{""type"":""Point"",""coordinates"":[76.32331280757154,9.923620897139939]}"
91,0.23139552772045135,35.96714690000002,"{""type"":""Point"",""coordinates"":[76.30433050696739,10.050305568841475]}"
92,-0.010892044752836227,29.801038820000002,"{""type"":""Point"",""coordinates"":[76.14839921049864,9.892800349489015]}"
93,-0.008860692381858826,29.720715350000035,"{""type"":""Point"",""coordinates"":[76.1415701422184,9.92767663518684]}"
94,0.13736432790756226,33.810376280000014,"{""type"":""Point"",""coordinates"":[76.38617803907051,9.93942859913707]}"
95,0.22778668999671936,35.68686926000004,"{""type"":""Point"",""coordinates"":[76.35258019550672,9.926559531095643]}"
96,0.1313558965921402,33.54035270000003,"{""type"":""Point"",""coordinates"":[76.28689863020126,9.864402792757497]}"
97,0.3423936069011688,32.30473847000002,"{""type"":""Point"",""coordinates"":[76.37585576649874,9.90324110125091]}"
98,0.14364342391490936,38.75966924000002,"{""type"":""Point"",""coordinates"":[76.3003116760777,9.9934964176499]}"
99,-0.007394168060272932,30.10353359000004,"{""type"":""Point"",""coordinates"":[76.21742427722275,9.845569573161416]}"
100,0.12966616451740265,31.85185082000001,"{""type"":""Point"",""coordinates"":[76.22958969201478,10.059407942006088]}"
101,0.004357397090643644,32.73199097000003,"{""type"":""Point"",""coordinates"":[76.25435386520812,10.018323088044509]}"
102,0.31686148047447205,34.14876026000002,"{""type"":""Point"",""coordinates"":[76.38874777950384,9.885650109736464]}"
103,0.33751964569091797,32.480766500000016,"{""type"":""Point"",""coordinates"":[76.29170873386606,10.06002103909312]}"
104,0.19391992688179016,39.58341206,"{""type"":""Point"",""coordinates"":[76.31039252724406,9.84108463199086]}"
105,-0.00865449570119381,29.966812790000006,"{""type"":""Point"",""coordinates"":[76.19961936625369,9.864039307569282]}"
106,-0.035953275859355927,30.170184980000016,"{""type"":""Point"",""coordinates"":[76.20781298079552,10.004960239471835]}"
107,0.3321973383426666,33.68390954000006,"{""type"":""Point"",""coordinates"":[76.37742742130226,9.894085949608753]}"
108,0.23448187112808228,38.72890705999998,"{""type"":""Point"",""coordinates"":[76.36695185075295,9.971537890622239]}"
109,-0.007946743629872799,29.819837930000006,"{""type"":""Point"",""coordinates"":[76.16847988460793,9.888921719409083]}"
110,-0.011108607985079288,30.040300220000006,"{""type"":""Point"",""coordinates"":[76.23680335778857,9.84031581158384]}"
111,0.18672043085098267,36.80968883000003,"{""type"":""Point"",""coordinates"":[76.31587295861334,9.956910260505513]}"
112,0.13487239181995392,38.065811180000026,"{""type"":""Point"",""coordinates"":[76.35605515220341,10.022358052757587]}"
113,-0.003829775145277381,31.04861612000002,"{""type"":""Point"",""coordinates"":[76.26562834593764,10.000665572193801]}"
114,-0.04076319560408592,30.255635480000024,"{""type"":""Point"",""coordinates"":[76.21595009409792,9.964372521290045]}"
115,-0.014523354358971119,29.888198330000023,"{""type"":""Point"",""coordinates"":[76.25029610404631,9.798996188547294]}"
116,0.22967183589935303,35.936384720000035,"{""type"":""Point"",""coordinates"":[76.2311898826355,10.003740672200372]}"
117,0.26510658860206604,36.937864580000024,"{""type"":""Point"",""coordinates"":[76.28506749321681,10.059390581874158]}"
118,0.2610771954059601,34.347005420000016,"{""type"":""Point"",""coordinates"":[76.30038647337105,9.937901272434285]}"
119,-0.008592285215854645,29.799329810000017,"{""type"":""Point"",""coordinates"":[76.13858911085309,9.950535841864518]}"
120,0.24423860013484955,34.96224902000006,"{""type"":""Point"",""coordinates"":[76.25687887501218,9.900869094108502]}"
121,-0.015098626725375652,29.90870645000004,"{""type"":""Point"",""coordinates"":[76.18594057144178,9.913310317569957]}"
122,0.3215417265892029,36.41832554000001,"{""type"":""Point"",""coordinates"":[76.32328532135838,9.99408461725537]}"
123,0.1372876614332199,38.14613465000002,"{""type"":""Point"",""coordinates"":[76.26327056500705,9.931970878290166]}"
124,-0.012894405983388424,30.177021019999984,"{""type"":""Point"",""coordinates"":[76.22023130173658,9.900438865214857]}"
125,-0.01401035487651825,30.764920459999985,"{""type"":""Point"",""coordinates"":[76.35078286619242,9.835094531758413]}"
126,0.22331228852272034,35.99449106000003,"{""type"":""Point"",""coordinates"":[76.36579482967342,9.911243571479941]}"
127,0.36462289094924927,32.95928930000002,"{""type"":""Point"",""coordinates"":[76.23457923862188,9.983893393102225]}"
128,-0.02069801837205887,29.888198330000023,"{""type"":""Point"",""coordinates"":[76.16783513351363,9.947036212582052]}"
129,0.18501125276088715,34.65633623000002,"{""type"":""Point"",""coordinates"":[76.312650862563,9.87496033042034]}"
130,-0.03676416352391243,30.317159840000045,"{""type"":""Point"",""coordinates"":[76.22093546039305,9.957569201659725]}"
131,0.31596359610557556,35.87827837999998,"{""type"":""Point"",""coordinates"":[76.38249186706693,9.928390025899018]}"
132,0.2518864870071411,33.99836737999999,"{""type"":""Point"",""coordinates"":[76.32549455105226,9.838183564337777]}"
133,0.298539400100708,36.50719406000002,"{""type"":""Point"",""coordinates"":[76.3096242253535,9.927117218423769]}"
134,0.08413272351026535,39.468908390000024,"{""type"":""Point"",""coordinates"":[76.34624768853777,9.944502366508644]}"
135,0.33356183767318726,33.67878251000002,"{""type"":""Point"",""coordinates"":[76.32938403926252,9.907256245344835]}"
136,0.30090823769569397,36.71911130000001,"{""type"":""Point"",""coordinates"":[76.39620103999971,9.910166695242834]}"
137,-0.011220179498195648,29.701916240000003,"{""type"":""Point"",""coordinates"":[76.15043088515488,9.958203755802737]}"
138,-0.011899053119122982,29.689953170000024,"{""type"":""Point"",""coordinates"":[76.17181170968622,9.905184393792027]}"
139,0.22658424079418182,38.306781590000014,"{""type"":""Point"",""coordinates"":[76.25802063572455,9.932168863869757]}"
140,0.1271633505821228,39.09121718000003,"{""type"":""Point"",""coordinates"":[76.3231398758286,10.030257449699318]}"
141,-0.012970893643796444,30.065935370000005,"{""type"":""Point"",""coordinates"":[76.1968190777006,9.891151474428524]}"
142,0.261131227016449,35.32455914000002,"{""type"":""Point"",""coordinates"":[76.39924888579172,9.941090871870204]}"
143,-0.025522997602820396,30.385520240000005,"{""type"":""Point"",""coordinates"":[76.27014030587331,9.822475395025172]}"
144,0.14642982184886932,37.63514066000005,"{""type"":""Point"",""coordinates"":[76.32412977736188,10.007699892876573]}"
145,0.2505074739456177,35.87315135,"{""type"":""Point"",""coordinates"":[76.35627979750015,9.92106702296265]}"
146,-0.016861895099282265,30.091570520000005,"{""type"":""Point"",""coordinates"":[76.25293091380267,9.848758720970695]}"
147,0.14275792241096497,36.3943994,"{""type"":""Point"",""coordinates"":[76.32332986565707,9.936956307127213]}"
148,0.11448703706264496,37.40271530000001,"{""type"":""Point"",""coordinates"":[76.25302621143273,9.930929817741486]}"
149,0.27745354175567627,33.74543390000002,"{""type"":""Point"",""coordinates"":[76.39099024074049,9.974327262085351]}"
150,0.23941098153591156,35.29892399000005,"{""type"":""Point"",""coordinates"":[76.36036335405846,9.909886830123737]}"
151,-0.0031731557101011276,32.11845638,"{""type"":""Point"",""coordinates"":[76.26996605472188,10.018774936740236]}"
152,0.3598318099975586,33.119936240000044,"{""type"":""Point"",""coordinates"":[76.33909905748953,9.988200383865582]}"
153,0.29002511501312256,36.431997620000004,"{""type"":""Point"",""coordinates"":[76.3405393176692,9.94145819977013]}"
154,0.15356029570102692,33.93342500000003,"{""type"":""Point"",""coordinates"":[76.24885442351398,9.925576299259893]}"
155,0.21609777212142944,36.343129100000056,"{""type"":""Point"",""coordinates"":[76.34884116606318,9.951715065997911]}"
156,0.07210103422403336,32.925109099999986,"{""type"":""Point"",""coordinates"":[76.30512218334934,9.828176781614815]}"
157,-0.012811992317438126,29.992447940000034,"{""type"":""Point"",""coordinates"":[76.1994822574788,9.909992616190126]}"
158,-0.029639001935720444,30.204365180000025,"{""type"":""Point"",""coordinates"":[76.32390950682684,9.87661335965144]}"
159,-0.03357858955860138,30.159930920000022,"{""type"":""Point"",""coordinates"":[76.20477776255508,9.947505142963783]}"
160,0.05149604380130768,36.07310552000001,"{""type"":""Point"",""coordinates"":[76.24891880565518,9.97867260295862]}"
161,-0.040966395288705826,30.597437480000053,"{""type"":""Point"",""coordinates"":[76.27184546525771,9.88307110788894]}"
162,0.1983775496482849,36.924192500000004,"{""type"":""Point"",""coordinates"":[76.30854106306101,9.830104434121104]}"
163,0.37345871329307556,32.2073249,"{""type"":""Point"",""coordinates"":[76.37315906925721,9.902823890389374]}"
164,0.008266548626124859,30.935821460000057,"{""type"":""Point"",""coordinates"":[76.25703151418845,10.0610286276385]}"
165,0.3109284043312073,36.731074370000016,"{""type"":""Point"",""coordinates"":[76.35900772319239,9.947297803470601]}"
166,0.3216336667537689,34.25300987000003,"{""type"":""Point"",""coordinates"":[76.36151753726634,9.851858009147826]}"
167,0.37901341915130615,33.694163600000024,"{""type"":""Point"",""coordinates"":[76.29672787240553,9.824687552254964]}"
168,0.2637568414211273,32.37993491000003,"{""type"":""Point"",""coordinates"":[76.37626361719384,9.887297508804233]}"
169,-0.018131330609321594,30.16334893999999,"{""type"":""Point"",""coordinates"":[76.23971271229955,9.887465374539751]}"
170,0.3322320580482483,36.96862676000001,"{""type"":""Point"",""coordinates"":[76.3683624173501,9.977632701112197]}"
171,-0.01065754797309637,29.775403670000003,"{""type"":""Point"",""coordinates"":[76.16116982792326,9.934303323343864]}"
172,-0.026486491784453392,30.323995879999984,"{""type"":""Point"",""coordinates"":[76.25621246349483,9.861211536138839]}"
173,-0.015199251472949982,29.746350500000034,"{""type"":""Point"",""coordinates"":[76.18460226487389,9.918747841823084]}"
174,-0.035402812063694,29.98561190000001,"{""type"":""Point"",""coordinates"":[76.20357546708303,10.016902153646878]}"
175,-0.02161031775176525,29.836928030000024,"{""type"":""Point"",""coordinates"":[76.18974501009438,10.03449585038027]}"
176,0.21016758680343628,33.51984457999998,"{""type"":""Point"",""coordinates"":[76.22636414673872,10.056609714283503]}"
177,-0.031204432249069214,29.983902889999996,"{""type"":""Point"",""coordinates"":[76.22817536277714,9.932027317810785]}"
178,0.1982903629541397,37.41638738,"{""type"":""Point"",""coordinates"":[76.29556013089838,9.95144172269405]}"
179,-0.03274734318256378,30.01124705000001,"{""type"":""Point"",""coordinates"":[76.19771404946628,10.03363931437659]}"
180,0.09171396493911743,39.51676067,"{""type"":""Point"",""coordinates"":[76.24230854836458,9.966490352229021]}"
181,0.30128759145736694,36.341420090000014,"{""type"":""Point"",""coordinates"":[76.25867040901223,9.95850555500788]}"
182,0.11520803719758987,33.789868160000026,"{""type"":""Point"",""coordinates"":[76.21886123497941,10.028819131147769]}"
183,-0.034815821796655655,30.92385839000002,"{""type"":""Point"",""coordinates"":[76.28240714046726,9.840104926225683]}"
184,0.24471932649612427,38.117081480000024,"{""type"":""Point"",""coordinates"":[76.34546438627062,9.942562383774018]}"
185,-0.020932283252477646,30.611109560000045,"{""type"":""Point"",""coordinates"":[76.28879301106957,9.83768651454793]}"
186,-0.027265576645731926,31.287877520000023,"{""type"":""Point"",""coordinates"":[76.26295398870197,9.947732408471264]}"
187,-0.008076809346675873,30.100115570000014,"{""type"":""Point"",""coordinates"":[76.19209207898446,9.824557445295863]}"
188,0.30722880363464355,33.63263924,"{""type"":""Point"",""coordinates"":[76.36381212416343,9.847004563557109]}"
189,0.20411066710948944,33.90778985,"{""type"":""Point"",""coordinates"":[76.27071942043038,10.05519998534726]}"
190,0.09534206986427307,38.94082430000003,"{""type"":""Point"",""coordinates"":[76.39181715088333,9.934529321033192]}"
191,0.11002685874700546,47.68753748,"{""type"":""Point"",""coordinates"":[76.30080204258583,9.821032251899245]}"
192,0.2617573142051697,35.94322076000003,"{""type"":""Point"",""coordinates"":[76.39784071579105,9.926636491544851]}"
193,-0.012653233483433723,30.14113180999999,"{""type"":""Point"",""coordinates"":[76.2378166644522,9.858297339098344]}"
194,0.1930554062128067,39.140778470000015,"{""type"":""Point"",""coordinates"":[76.29825486347448,9.937917397957774]}"
195,-0.03912517800927162,30.56496629000003,"{""type"":""Point"",""coordinates"":[76.26828402700481,9.89092138051599]}"
196,0.26721203327178955,37.22497826000006,"{""type"":""Point"",""coordinates"":[76.31047861453955,9.838380177678433]}"
197,0.28990939259529114,34.497398299999986,"{""type"":""Point"",""coordinates"":[76.37736697650045,9.870564305232504]}"
198,-0.039819732308387756,29.88307130000004,"{""type"":""Point"",""coordinates"":[76.1913660497227,9.96782236423845]}"
199,0.1769784837961197,38.74428815000002,"{""type"":""Point"",""coordinates"":[76.2848115645408,9.910032420874716]}"
200,-0.012330090627074242,30.178730030000025,"{""type"":""Point"",""coordinates"":[76.20917071817895,9.891500650682946]}"
201,0.157877579331398,33.96418718000001,"{""type"":""Point"",""coordinates"":[76.27086641221503,10.02751207962666]}"
202,0.3084622323513031,33.089174060000005,"{""type"":""Point"",""coordinates"":[76.29108460212201,10.04190585204911]}"
203,0.21523959934711456,33.00543257000004,"{""type"":""Point"",""coordinates"":[76.32143625838043,9.811542760151733]}"
204,0.3824884295463562,35.12973200000002,"{""type"":""Point"",""coordinates"":[76.33646265529124,9.942978714834734]}"
205,0.22582121193408966,37.64710373,"{""type"":""Point"",""coordinates"":[76.31309883949007,9.961135885891686]}"
206,-0.011124493554234505,30.10353359000004,"{""type"":""Point"",""coordinates"":[76.23301415638615,9.842319461490337]}"
207,0.2206982523202896,36.90881141,"{""type"":""Point"",""coordinates"":[76.37159105742226,9.945908266406207]}"
208,0.28569546341896057,34.182940460000054,"{""type"":""Point"",""coordinates"":[76.40117495744603,9.94457438178016]}"
209,0.1392935812473297,31.42801634,"{""type"":""Point"",""coordinates"":[76.26840483554426,10.04467415336828]}"
210,0.3099658787250519,33.55915181,"{""type"":""Point"",""coordinates"":[76.3828921600141,9.88543871423701]}"
211,0.23817680776119232,36.380727320000005,"{""type"":""Point"",""coordinates"":[76.37138762567605,9.926323396385602]}"
212,-0.011041578836739063,29.98561189999998,"{""type"":""Point"",""coordinates"":[76.24081219081592,9.826898028465145]}"
213,0.2975625991821289,37.58045234000002,"{""type"":""Point"",""coordinates"":[76.35068448326508,10.0359704789771]}"
214,0.2347901463508606,36.92077447999998,"{""type"":""Point"",""coordinates"":[76.32401025774156,9.890405447671515]}"
215,0.024877693504095078,30.645289760000026,"{""type"":""Point"",""coordinates"":[76.28586249708641,9.811964671545585]}"
216,0.2599479556083679,34.96737605000004,"{""type"":""Point"",""coordinates"":[76.30985586789143,9.899663059956527]}"
217,-0.03418034687638283,30.407737370000007,"{""type"":""Point"",""coordinates"":[76.22336395434147,9.973339610295058]}"
218,0.030193911865353584,33.50959052000002,"{""type"":""Point"",""coordinates"":[76.32512150960522,9.974992753637165]}"
219,-0.025327296927571297,31.01785394000001,"{""type"":""Point"",""coordinates"":[76.36144710667993,9.859411408086881]}"
220,0.19770941138267517,36.49864901000004,"{""type"":""Point"",""coordinates"":[76.35519437805677,9.948278118750794]}"
221,0.29467177391052246,34.347005420000016,"{""type"":""Point"",""coordinates"":[76.38147963035483,9.871550546327233]}"
222,-0.01664225570857525,29.941177640000006,"{""type"":""Point"",""coordinates"":[76.20837754579371,9.918684113642962]}"
223,0.2908250689506531,34.963958030000015,"{""type"":""Point"",""coordinates"":[76.3810548673364,9.908006455723331]}"
224,0.21129745244979858,34.30598917999998,"{""type"":""Point"",""coordinates"":[76.27058578255709,10.049939061708166]}"
225,0.24701862037181854,35.07504368000002,"{""type"":""Point"",""coordinates"":[76.36096429550939,9.909341678275105]}"
226,0.13719062507152557,37.89320117,"{""type"":""Point"",""coordinates"":[76.3202382407162,9.98223774880282]}"
227,0.17862024903297424,37.45227659,"{""type"":""Point"",""coordinates"":[76.3354805148672,10.01567026440305]}"
228,-0.03111296333372593,30.77175650000001,"{""type"":""Point"",""coordinates"":[76.21986449820115,9.984967097126663]}"
229,-0.0231863334774971,29.93946863000002,"{""type"":""Point"",""coordinates"":[76.17678734952129,9.980348387105849]}"
230,0.26097485423088074,35.69712332,"{""type"":""Point"",""coordinates"":[76.21995423501943,10.050652940469536]}"
231,0.29802361130714417,34.71273356000006,"{""type"":""Point"",""coordinates"":[76.32718565862737,9.895132130218094]}"
232,-0.03978623077273369,30.42140945,"{""type"":""Point"",""coordinates"":[76.21246820534124,10.014163727544954]}"
233,-0.01828962378203869,30.06422636000002,"{""type"":""Point"",""coordinates"":[76.21326273546585,9.927591543488413]}"
234,0.14397063851356506,37.1292737,"{""type"":""Point"",""coordinates"":[76.29762393860032,9.861705933171832]}"
235,0.15663227438926697,38.25038426000003,"{""type"":""Point"",""coordinates"":[76.27634888425592,9.950853779259687]}"
236,-0.01812371425330639,30.970001660000037,"{""type"":""Point"",""coordinates"":[76.29380594401489,9.920946390208101]}"
237,-0.010054721496999264,29.871108230000033,"{""type"":""Point"",""coordinates"":[76.14202188795846,9.889898373036022]}"
238,0.3411514461040497,35.16391220000003,"{""type"":""Point"",""coordinates"":[76.29834932963956,10.0339008021596]}"
239,0.2311321496963501,35.76890174000005,"{""type"":""Point"",""coordinates"":[76.39152189459529,9.894146648698937]}"
240,-0.010818206705152988,29.971939820000046,"{""type"":""Point"",""coordinates"":[76.15382417700468,9.873995078761174]}"
241,-0.009689650498330593,29.828382980000015,"{""type"":""Point"",""coordinates"":[76.1467593711988,9.878977939982656]}"
242,-0.03323762118816376,30.32741390000001,"{""type"":""Point"",""coordinates"":[76.21160811566347,9.94285468364543]}"
243,0.22651824355125427,33.44123012,"{""type"":""Point"",""coordinates"":[76.29631340695973,9.871569510042404]}"
244,0.10876750200986862,37.63514066000005,"{""type"":""Point"",""coordinates"":[76.29622309316412,10.001731404623696]}"
245,0.23336954414844513,35.586037669999996,"{""type"":""Point"",""coordinates"":[76.28632507975625,10.063216604573592]}"
246,0.26753976941108704,36.196154240000055,"{""type"":""Point"",""coordinates"":[76.3580757693625,9.950262851264615]}"
247,0.18517987430095673,38.14613465000002,"{""type"":""Point"",""coordinates"":[76.29287148940224,9.991108032899785]}"
248,-0.009958167560398579,29.782239710000027,"{""type"":""Point"",""coordinates"":[76.13803257151882,9.958422434409254]}"
249,0.21210987865924835,37.469366690000015,"{""type"":""Point"",""coordinates"":[76.27232897169982,9.906829603601834]}"
250,0.2916942536830902,32.43291421999999,"{""type"":""Point"",""coordinates"":[76.2751217740667,10.055900010611087]}"
251,0.09786596149206161,38.89639004000003,"{""type"":""Point"",""coordinates"":[76.29393199742181,10.008810867345387]}"
252,0.11507812887430191,38.588768240000036,"{""type"":""Point"",""coordinates"":[76.28754360333237,9.96793676823146]}"
253,-0.03224154934287071,30.846952940000023,"{""type"":""Point"",""coordinates"":[76.28991829207595,9.891556806089971]}"
254,0.10861729830503464,37.16858093000002,"{""type"":""Point"",""coordinates"":[76.33797099193218,10.022009589314715]}"
255,-0.01311197318136692,30.08131646000001,"{""type"":""Point"",""coordinates"":[76.2033926154904,9.893223659881373]}"
256,-0.026131991297006607,30.27614360000001,"{""type"":""Point"",""coordinates"":[76.20705503962786,9.935236182469572]}"
257,0.28918373584747314,35.25619874000006,"{""type"":""Point"",""coordinates"":[76.35454741212277,10.006216022884761]}"
258,-0.035771444439888,29.82154694000002,"{""type"":""Point"",""coordinates"":[76.18911460460778,9.97150468183233]}"
259,-0.013182787224650383,30.329122910000024,"{""type"":""Point"",""coordinates"":[76.23481174932017,9.86725908776999]}"
260,-0.03953617811203003,30.057390320000025,"{""type"":""Point"",""coordinates"":[76.3001157158555,9.892851906185552]}"
261,0.305258184671402,35.775737780000014,"{""type"":""Point"",""coordinates"":[76.35961691387979,9.848126037116772]}"
262,-0.03076935186982155,30.322286870000028,"{""type"":""Point"",""coordinates"":[76.20019631408556,9.946170176695762]}"
263,-0.008165908046066761,29.983902890000024,"{""type"":""Point"",""coordinates"":[76.1554537026133,9.87512777650122]}"
264,-0.01415600161999464,30.484642820000005,"{""type"":""Point"",""coordinates"":[76.29203121244132,9.825472229329971]}"
265,0.18822374939918518,40.77630104000002,"{""type"":""Point"",""coordinates"":[76.27565493031821,9.956778749903147]}"
266,-0.01789015345275402,29.63184683000003,"{""type"":""Point"",""coordinates"":[76.15987482728244,9.991462718514919]}"
267,0.23407967388629913,35.70054134000003,"{""type"":""Point"",""coordinates"":[76.21463022944808,10.049912427757373]}"
268,0.024977494031190872,31.961227460000032,"{""type"":""Point"",""coordinates"":[76.25898124273026,10.034881105909909]}"
269,0.05336044728755951,31.600626350000027,"{""type"":""Point"",""coordinates"":[76.27663723281519,9.821021634495722]}"
270,-0.009603611193597317,29.741223470000023,"{""type"":""Point"",""coordinates"":[76.15302362908596,9.901837115662188]}"
271,-0.013119418174028397,29.980484869999998,"{""type"":""Point"",""coordinates"":[76.19087861280843,9.906601727750944]}"
272,0.3072241544723511,34.856290400000034,"{""type"":""Point"",""coordinates"":[76.36292392776683,9.851219435676743]}"
273,-0.028503410518169403,29.802747830000015,"{""type"":""Point"",""coordinates"":[76.24133220794982,9.920466587944208]}"
274,0.09823978692293167,38.42641229000003,"{""type"":""Point"",""coordinates"":[76.28759810879605,9.983354173096785]}"
275,0.2098812460899353,37.21472419999998,"{""type"":""Point"",""coordinates"":[76.32652738665193,10.038948572980942]}"
276,-0.012799731455743313,31.13406662,"{""type"":""Point"",""coordinates"":[76.29550646908314,9.876865708476911]}"
277,0.06958422064781189,31.80058052000004,"{""type"":""Point"",""coordinates"":[76.27188907677358,10.041683197589435]}"
278,0.18721750378608704,39.395420960000024,"{""type"":""Point"",""coordinates"":[76.31152291647238,10.0421018959227]}"
279,0.2931472957134247,34.722987620000026,"{""type"":""Point"",""coordinates"":[76.38572534372068,9.910042084450286]}"
280,-0.021016351878643036,29.953140710000014,"{""type"":""Point"",""coordinates"":[76.17650300368683,10.013935864823944]}"
281,0.17092953622341156,35.715922430000006,"{""type"":""Point"",""coordinates"":[76.3121507859915,10.029823992438958]}"
282,0.0017092326888814569,31.014435919999983,"{""type"":""Point"",""coordinates"":[76.24951819411237,10.05824289404661]}"
283,0.04035339877009392,31.48954070000002,"{""type"":""Point"",""coordinates"":[76.28060217498833,10.023462170356309]}"
284,-0.017567256465554237,31.180209890000043,"{""type"":""Point"",""coordinates"":[76.25306076792774,10.062933040561498]}"
285,0.11927778273820877,33.824048360000006,"{""type"":""Point"",""coordinates"":[76.3211310796988,9.809987593056682]}"
286,-0.02055944874882698,30.11207864000002,"{""type"":""Point"",""coordinates"":[76.23407896499377,9.904518477676804]}"
287,-0.02009000815451145,29.980484870000026,"{""type"":""Point"",""coordinates"":[76.23951080579948,9.892011263473384]}"
288,0.306209921836853,34.09407194000005,"{""type"":""Point"",""coordinates"":[76.4020200112809,9.92247291418097]}"
289,-0.022847268730401993,29.948013680000003,"{""type"":""Point"",""coordinates"":[76.18838052493074,10.01412132489852]}"
290,0.2737694978713989,36.36534623000003,"{""type"":""Point"",""coordinates"":[76.27182347176475,10.035711619076448]}"
291,-0.01888197287917137,30.25905350000005,"{""type"":""Point"",""coordinates"":[76.30552973291441,9.9241963791889]}"
292,-0.008589048869907856,30.009538040000024,"{""type"":""Point"",""coordinates"":[76.20304445577221,9.842265960439759]}"
293,0.17207373678684235,38.20253198,"{""type"":""Point"",""coordinates"":[76.29358061250699,9.983421701403977]}"
294,-0.01667160540819168,30.053972300000027,"{""type"":""Point"",""coordinates"":[76.20306636102079,9.927484023934866]}"
295,0.16694273054599762,36.27989573000002,"{""type"":""Point"",""coordinates"":[76.31084597422543,9.98180061691835]}"
296,0.1326552778482437,37.75306234999999,"{""type"":""Point"",""coordinates"":[76.2467791646033,9.941387110138239]}"
297,-0.02458847127854824,30.00782903000004,"{""type"":""Point"",""coordinates"":[76.19397882718046,10.01772770398141]}"
298,-0.025811826810240746,30.069353390000032,"{""type"":""Point"",""coordinates"":[76.2630152113832,9.823064890065174]}"
299,-0.012054103426635265,29.64551891000002,"{""type"":""Point"",""coordinates"":[76.1469419231052,9.940955518318944]}"
300,0.01724117062985897,32.152636580000035,"{""type"":""Point"",""coordinates"":[76.22714811747616,10.04861620803464]}"
301,0.2365647852420807,36.018417200000044,"{""type"":""Point"",""coordinates"":[76.38087305180112,9.946168962563588]}"
302,0.07758838683366776,32.559380960000055,"{""type"":""Point"",""coordinates"":[76.2317276407594,10.047609254636695]}"
303,0.39334627985954285,33.430976060000035,"{""type"":""Point"",""coordinates"":[76.38850750871272,9.962897006814003]}"
304,-0.03598370403051376,30.18043904000001,"{""type"":""Point"",""coordinates"":[76.25451237347585,9.897496982047056]}"
305,0.0806933268904686,30.83669888000003,"{""type"":""Point"",""coordinates"":[76.2377409708103,10.04049387627738]}"
306,-0.03439696133136749,30.341085980000003,"{""type"":""Point"",""coordinates"":[76.20972326144276,9.952970698885016]}"
307,0.2732847332954407,35.447607860000005,"{""type"":""Point"",""coordinates"":[76.33558755536683,9.850636074836256]}"
308,0.011028006672859192,30.891387199999997,"{""type"":""Point"",""coordinates"":[76.34378650634847,9.915783645007549]}"
309,0.1925918459892273,38.411031200000025,"{""type"":""Point"",""coordinates"":[76.35031777269542,10.020557063818899]}"
310,0.20565059781074524,36.001327100000026,"{""type"":""Point"",""coordinates"":[76.37908879810756,9.873169178857992]}"
311,0.1861991584300995,32.03813291,"{""type"":""Point"",""coordinates"":[76.34604524373893,9.914642320383674]}"
312,-0.008592703379690647,29.937759620000037,"{""type"":""Point"",""coordinates"":[76.18945686457687,9.88615843520519]}"
313,-0.007857578806579113,29.777112680000016,"{""type"":""Point"",""coordinates"":[76.18135977331936,9.852771633779273]}"
314,0.19325760006904602,37.55310817999998,"{""type"":""Point"",""coordinates"":[76.3173605653464,10.01221966673373]}"
315,-0.008135627023875713,29.96852180000002,"{""type"":""Point"",""coordinates"":[76.19491654549981,9.831018149208614]}"
316,0.17746582627296448,36.42174356000001,"{""type"":""Point"",""coordinates"":[76.29984945362044,9.956994458672703]}"
317,0.2614631652832031,33.702708650000034,"{""type"":""Point"",""coordinates"":[76.33652500752218,9.898903161096424]}"
318,-0.022418081760406494,29.85743615000004,"{""type"":""Point"",""coordinates"":[76.18363593185349,9.94769190504075]}"
319,0.15138818323612213,33.63605726000003,"{""type"":""Point"",""coordinates"":[76.2538597860804,10.017975089212372]}"
320,-0.01338975504040718,30.12916874000001,"{""type"":""Point"",""coordinates"":[76.24567350779357,9.823016536718669]}"
321,-0.03031865693628788,30.20778320000005,"{""type"":""Point"",""coordinates"":[76.33976116194704,9.88058566881048]}"
322,0.35947105288505554,36.44225168000003,"{""type"":""Point"",""coordinates"":[76.29228728266402,9.974177302131418]}"
323,1.5810852346476167E-4,31.014435919999983,"{""type"":""Point"",""coordinates"":[76.24861768279732,10.018478641527606]}"
324,-0.021195486187934875,29.896743380000032,"{""type"":""Point"",""coordinates"":[76.17442498979807,9.995582652271267]}"
325,-0.008414970710873604,29.717297330000036,"{""type"":""Point"",""coordinates"":[76.1352547531278,9.925062176664486]}"
326,0.2206725776195526,35.13485903000003,"{""type"":""Point"",""coordinates"":[76.3561462536836,9.941785667549635]}"
327,-0.006555777508765459,29.749768520000003,"{""type"":""Point"",""coordinates"":[76.17659483747211,9.851363256225158]}"
328,-0.007126803509891033,29.906997439999998,"{""type"":""Point"",""coordinates"":[76.19355026100808,9.83445783197666]}"
329,0.3450299799442291,33.634348250000016,"{""type"":""Point"",""coordinates"":[76.23761498078717,9.9808856322261]}"
330,-0.025465361773967743,29.859145160000025,"{""type"":""Point"",""coordinates"":[76.19008638508842,9.98885277932558]}"
331,-0.010452465154230595,29.94288665000002,"{""type"":""Point"",""coordinates"":[76.18540459449302,9.890227582709224]}"
332,0.20626378059387207,36.479849900000005,"{""type"":""Point"",""coordinates"":[76.30395656558028,9.944153071812172]}"
333,0.2283962070941925,34.51107038000001,"{""type"":""Point"",""coordinates"":[76.36994431585451,9.902953765103605]}"
334,0.325141578912735,35.64243499999998,"{""type"":""Point"",""coordinates"":[76.35283956956339,9.95048133319528]}"
335,-0.04080101475119591,30.047136260000002,"{""type"":""Point"",""coordinates"":[76.20547749864222,10.024418645602168]}"
336,-0.007454832084476948,29.83009199,"{""type"":""Point"",""coordinates"":[76.18996400463506,9.848134764932729]}"
337,0.3313661515712738,34.73324167999999,"{""type"":""Point"",""coordinates"":[76.35874961514347,9.94096795470792]}"
338,0.23498861491680145,36.52428415999998,"{""type"":""Point"",""coordinates"":[76.31196907224856,10.02243761790748]}"
339,0.13129590451717377,36.606316640000045,"{""type"":""Point"",""coordinates"":[76.33130471704254,10.020909164924646]}"
340,0.16555745899677277,38.42812130000004,"{""type"":""Point"",""coordinates"":[76.31752955895958,9.992703392313945]}"
341,0.21750161051750183,33.241275950000045,"{""type"":""Point"",""coordinates"":[76.27271609018142,10.062380931217822]}"
342,0.21454358100891113,38.85879182000002,"{""type"":""Point"",""coordinates"":[76.27594515502908,9.92586836461024]}"
343,0.13579626381397247,37.344608960000016,"{""type"":""Point"",""coordinates"":[76.28208359396632,10.00816865537792]}"
344,-0.0067802551202476025,29.85230912000003,"{""type"":""Point"",""coordinates"":[76.20749799175843,9.820309223374942]}"
345,0.26830095052719116,35.854352240000026,"{""type"":""Point"",""coordinates"":[76.39457929402904,9.908883816418086]}"
346,-0.03753175586462021,30.359885090000034,"{""type"":""Point"",""coordinates"":[76.21570440347367,9.996478243107358]}"
347,0.12611761689186096,37.336063910000036,"{""type"":""Point"",""coordinates"":[76.29401995360811,9.957475766115058]}"
348,-0.01044329721480608,29.754895550000015,"{""type"":""Point"",""coordinates"":[76.14666171124152,9.96162342801708]}"
349,0.39301082491874695,32.079149150000006,"{""type"":""Point"",""coordinates"":[76.32215682434455,9.923793165539509]}"
350,-0.015616721473634243,29.790784760000008,"{""type"":""Point"",""coordinates"":[76.25509437432355,9.807010659105568]}"
351,0.24178598821163177,36.20982632000002,"{""type"":""Point"",""coordinates"":[76.35268227759616,10.029875199453604]}"
352,0.2634941041469574,34.48714424000002,"{""type"":""Point"",""coordinates"":[76.36345871250192,9.959812504095407]}"
353,0.08353044092655182,38.747706170000015,"{""type"":""Point"",""coordinates"":[76.30873681754868,9.847255521465375]}"
354,-0.008433813229203224,29.927505560000014,"{""type"":""Point"",""coordinates"":[76.16919549745248,9.87207011771227]}"
355,-0.024774132296442986,30.218037260000017,"{""type"":""Point"",""coordinates"":[76.29848654071697,9.913677269706639]}"
356,0.07627586275339127,39.86368970000001,"{""type"":""Point"",""coordinates"":[76.37243189319494,9.977710957738811]}"
357,0.23249001801013947,31.725384080000026,"{""type"":""Point"",""coordinates"":[76.25750588846485,9.910944222705748]}"
358,0.049480587244033813,39.25186412000005,"{""type"":""Point"",""coordinates"":[76.37789100318466,9.978919033113703]}"
359,-0.01346089318394661,30.214619240000047,"{""type"":""Point"",""coordinates"":[76.25148076423206,9.97466533554212]}"
360,0.19751973450183868,33.360906650000004,"{""type"":""Point"",""coordinates"":[76.31362912850228,9.833285002282784]}"
361,-0.019520439207553864,30.395774300000028,"{""type"":""Point"",""coordinates"":[76.29030776277341,9.839357296033953]}"
362,-0.03921310231089592,30.488060840000003,"{""type"":""Point"",""coordinates"":[76.21316549439103,10.010899242140145]}"
363,0.35765862464904785,35.4544439,"{""type"":""Point"",""coordinates"":[76.30290660640523,9.99295877071875]}"
364,0.159176766872406,38.58705923000002,"{""type"":""Point"",""coordinates"":[76.2937763676039,10.05196701374782]}"
365,-0.01762162707746029,29.831800999999984,"{""type"":""Point"",""coordinates"":[76.17440682610777,9.947261135949002]}"
366,0.2790626585483551,33.37286972000001,"{""type"":""Point"",""coordinates"":[76.38201013314355,9.897729432145798]}"
367,0.201942577958107,32.70293780000003,"{""type"":""Point"",""coordinates"":[76.26858915684059,10.041303122645928]}"
368,-0.0048026698641479015,30.07789844000004,"{""type"":""Point"",""coordinates"":[76.33936300301447,9.90591956853837]}"
369,0.11497342586517334,45.50171369,"{""type"":""Point"",""coordinates"":[76.25441785057363,9.943070836761631]}"
370,-0.007818578742444515,29.89161635000002,"{""type"":""Point"",""coordinates"":[76.16726427515968,9.86818932135989]}"
371,0.002864496549591422,31.233189200000027,"{""type"":""Point"",""coordinates"":[76.2238967690025,10.017055014107404]}"
372,0.24206998944282532,35.37070241000001,"{""type"":""Point"",""coordinates"":[76.30865739246502,9.93741222637677]}"
373,0.22853288054466248,34.97592110000005,"{""type"":""Point"",""coordinates"":[76.26270978496538,9.999132794528995]}"
374,0.266810804605484,35.01864635000004,"{""type"":""Point"",""coordinates"":[76.36099295403773,9.846930780336356]}"
375,0.3368910551071167,34.43587394000002,"{""type"":""Point"",""coordinates"":[76.33983777452633,9.82983772490472]}"
376,-0.014632494188845158,30.19752914000003,"{""type"":""Point"",""coordinates"":[76.29467963895014,9.921395856248642]}"
377,-0.014741090126335621,31.233189200000027,"{""type"":""Point"",""coordinates"":[76.27427702134693,9.930698602613429]}"
378,-0.03651964291930199,30.392356280000058,"{""type"":""Point"",""coordinates"":[76.2155092843242,9.956863567932805]}"
379,0.12537842988967896,40.49089637000003,"{""type"":""Point"",""coordinates"":[76.2763738726805,9.947245683326225]}"
380,-0.021576540544629097,29.900161400000002,"{""type"":""Point"",""coordinates"":[76.16727665735114,9.956194079070226]}"
381,0.2889109253883362,34.95883100000003,"{""type"":""Point"",""coordinates"":[76.26239455749034,10.00055376447034]}"
382,-0.00924045592546463,29.980484870000055,"{""type"":""Point"",""coordinates"":[76.16555066599518,9.872316647452605]}"
383,0.24154694378376007,35.46811597999999,"{""type"":""Point"",""coordinates"":[76.3802977833099,10.003636949248085]}"
384,-0.023688461631536484,30.546167179999998,"{""type"":""Point"",""coordinates"":[76.27259983862065,9.971174714142164]}"
385,-0.008412208408117294,29.847182090000047,"{""type"":""Point"",""coordinates"":[76.19330471774313,9.859804142713726]}"
386,-0.03256824240088463,30.385520240000005,"{""type"":""Point"",""coordinates"":[76.27302646480709,9.88975344642044]}"
387,-0.015506722033023834,29.901870410000043,"{""type"":""Point"",""coordinates"":[76.17848065974617,9.92805232447711]}"
388,-0.012323634698987007,29.927505559999986,"{""type"":""Point"",""coordinates"":[76.24129357654878,9.820925925580122]}"
389,0.2378128319978714,36.79772575999999,"{""type"":""Point"",""coordinates"":[76.272155093257,9.904456222846816]}"
390,-0.008568626828491688,31.000763840000047,"{""type"":""Point"",""coordinates"":[76.21822595504818,10.025017277971758]}"
391,0.2235887348651886,35.97569195,"{""type"":""Point"",""coordinates"":[76.37588995921907,9.997069515284483]}"
392,-0.009838072583079338,30.122332700000015,"{""type"":""Point"",""coordinates"":[76.22859064690415,9.853328883659186]}"
393,0.23874995112419128,35.097260809999995,"{""type"":""Point"",""coordinates"":[76.27564013599304,9.900832581008975]}"
394,0.23231424391269684,34.743495740000014,"{""type"":""Point"",""coordinates"":[76.22792009468662,10.023116839180519]}"
395,-0.008188080042600632,29.92579655,"{""type"":""Point"",""coordinates"":[76.19114244352082,9.827561687953459]}"
396,-0.011779667809605598,29.751477530000045,"{""type"":""Point"",""coordinates"":[76.17714011506744,9.917174813961624]}"
397,0.20571847259998322,36.19615424,"{""type"":""Point"",""coordinates"":[76.31359530086864,10.023066638999246]}"
398,0.1122385561466217,37.70350106000001,"{""type"":""Point"",""coordinates"":[76.35634691891543,10.022391573679279]}"
399,-0.01622854545712471,29.95143170000003,"{""type"":""Point"",""coordinates"":[76.22785175217302,9.908288838778116]}"
400,0.23683041334152222,35.339940230000025,"{""type"":""Point"",""coordinates"":[76.39389717669361,9.935138178232815]}"
401,-0.009624678641557693,30.142840820000032,"{""type"":""Point"",""coordinates"":[76.2302928889847,9.84477819014736]}"
402,0.22277353703975677,38.038467019999985,"{""type"":""Point"",""coordinates"":[76.3464634462635,10.03346488898352]}"
403,0.30572986602783203,34.96566704000003,"{""type"":""Point"",""coordinates"":[76.38448969499572,9.928990456382241]}"
404,-0.012887879274785519,30.21120122000002,"{""type"":""Point"",""coordinates"":[76.22809233042416,9.889687943454247]}"
405,0.22385255992412567,34.43587394000002,"{""type"":""Point"",""coordinates"":[76.3337739527452,9.929229124013286]}"
406,0.04743758216500282,39.39883898000005,"{""type"":""Point"",""coordinates"":[76.28561095550262,9.961134041017903]}"
407,-0.03756709769368172,30.329122910000024,"{""type"":""Point"",""coordinates"":[76.20801650852685,10.003425345273664]}"
408,0.29212942719459534,33.003723560000026,"{""type"":""Point"",""coordinates"":[76.37758984824961,9.902402214304832]}"
409,-0.022275535389780998,29.97706685,"{""type"":""Point"",""coordinates"":[76.18588679285656,10.00400928060088]}"
410,-0.007837915793061256,29.630137820000016,"{""type"":""Point"",""coordinates"":[76.13331083922402,9.954824926924488]}"
411,-0.027752060443162918,30.761502440000015,"{""type"":""Point"",""coordinates"":[76.21823469385151,9.994920736205763]}"
412,-0.007394892629235983,30.139422800000034,"{""type"":""Point"",""coordinates"":[76.34207887916139,9.910381873888827]}"
413,-0.02003990299999714,29.872817240000018,"{""type"":""Point"",""coordinates"":[76.18975642713029,9.932344193056696]}"
414,0.15104888379573822,37.75135334000004,"{""type"":""Point"",""coordinates"":[76.31718958315503,10.043289429450672]}"
415,0.3944515585899353,32.27226728000005,"{""type"":""Point"",""coordinates"":[76.32118506800566,9.92261231041504]}"
416,-0.008021716959774494,29.855727140000027,"{""type"":""Point"",""coordinates"":[76.17680776859974,9.879187775311998]}"
417,0.22385168075561523,38.052139100000005,"{""type"":""Point"",""coordinates"":[76.25399078621935,9.985049123503417]}"
418,-0.007977019995450974,30.028337150000027,"{""type"":""Point"",""coordinates"":[76.16457676663431,9.888217646324314]}"
419,-0.009969387203454971,29.838637040000037,"{""type"":""Point"",""coordinates"":[76.13924397089741,9.951874557856192]}"
420,0.024631664156913757,32.29277539999998,"{""type"":""Point"",""coordinates"":[76.38514977819823,9.988279056284993]}"
421,-0.03973311930894852,30.320577860000014,"{""type"":""Point"",""coordinates"":[76.20093523205924,10.044526134009175]}"
422,-0.010804803110659122,29.732678420000013,"{""type"":""Point"",""coordinates"":[76.16998799367113,9.898231325367895]}"
423,0.16576087474822998,38.06410217000001,"{""type"":""Point"",""coordinates"":[76.26742761801269,9.922415438782412]}"
424,0.14826537668704987,31.518593870000018,"{""type"":""Point"",""coordinates"":[76.34110685153502,9.8847094781761]}"
425,0.07775092124938965,31.928756270000008,"{""type"":""Point"",""coordinates"":[76.32091217190634,9.836302435729154]}"
426,-0.008258325047791004,29.95143170000003,"{""type"":""Point"",""coordinates"":[76.15141589767362,9.864549460364337]}"
427,0.3402087092399597,34.851163369999995,"{""type"":""Point"",""coordinates"":[76.38217399258994,9.908729110084986]}"
428,0.16432827711105347,36.21153533000003,"{""type"":""Point"",""coordinates"":[76.33993910292492,9.953525379942533]}"
429,-0.012530792504549026,30.08131646000001,"{""type"":""Point"",""coordinates"":[76.20998277075888,9.900254808361527]}"
430,-0.01406634971499443,30.800809670000035,"{""type"":""Point"",""coordinates"":[76.24708064565873,10.028467291997526]}"
431,0.30597588419914246,34.06330976000001,"{""type"":""Point"",""coordinates"":[76.35894801906103,9.851150520331235]}"
432,0.25594305992126465,35.4544439,"{""type"":""Point"",""coordinates"":[76.30699987780561,10.052522779085797]}"
433,-0.008831425569951534,29.99586596000003,"{""type"":""Point"",""coordinates"":[76.18985883645503,9.823709228020105]}"
434,-0.008023766800761223,29.876235259999987,"{""type"":""Point"",""coordinates"":[76.17957190321002,9.87540814447511]}"
435,0.25638753175735474,34.35384146000001,"{""type"":""Point"",""coordinates"":[76.30727421287283,9.82085243121311]}"
436,0.2654350996017456,33.28571021000005,"{""type"":""Point"",""coordinates"":[76.28239989042335,9.877803270780142]}"
437,-0.02611340396106243,30.31374182000002,"{""type"":""Point"",""coordinates"":[76.25846021270954,9.84664273081258]}"
438,-0.00798129290342331,29.88307130000004,"{""type"":""Point"",""coordinates"":[76.21806560897613,9.811313624903162]}"
439,0.28330445289611816,33.841138460000025,"{""type"":""Point"",""coordinates"":[76.27490524692706,9.995749273719019]}"
440,-0.01288583129644394,30.81619076000004,"{""type"":""Point"",""coordinates"":[76.24061193363364,10.061757447074365]}"
441,0.023389438167214394,31.16141078000001,"{""type"":""Point"",""coordinates"":[76.27632309508357,9.830718562701133]}"
442,-0.05506768450140953,30.27614360000001,"{""type"":""Point"",""coordinates"":[76.27290862313892,9.849746283292397]}"
443,-0.02234596759080887,30.108660620000023,"{""type"":""Point"",""coordinates"":[76.25805915649116,9.84141126466435]}"
444,-0.019136132672429085,30.053972300000055,"{""type"":""Point"",""coordinates"":[76.23594869201298,9.895656216630632]}"
445,0.17267116904258728,37.18738004000002,"{""type"":""Point"",""coordinates"":[76.34186999094143,10.014694830089253]}"
446,-0.019190996885299683,29.876235260000044,"{""type"":""Point"",""coordinates"":[76.1692492910893,9.946694743688726]}"
447,-0.020748628303408623,29.99928398000003,"{""type"":""Point"",""coordinates"":[76.16890444595418,9.957941798998402]}"
448,-0.022574828937649727,30.096697550000044,"{""type"":""Point"",""coordinates"":[76.23429445269878,9.908588083909454]}"
449,-0.03183383867144585,30.453880640000023,"{""type"":""Point"",""coordinates"":[76.34446330237924,9.866342985556381]}"
450,-0.016020534560084343,29.92066951999999,"{""type"":""Point"",""coordinates"":[76.19845848949826,9.922841497493161]}"
451,0.2012167125940323,37.5736163,"{""type"":""Point"",""coordinates"":[76.27500545873683,9.953055692737056]}"
452,0.00945153646171093,31.376746040000057,"{""type"":""Point"",""coordinates"":[76.31136982473961,9.854780753269855]}"
453,-0.013456213288009167,30.515404999999987,"{""type"":""Point"",""coordinates"":[76.29075605683491,9.841146736853927]}"
454,0.35958021879196167,34.7195696,"{""type"":""Point"",""coordinates"":[76.38043990491165,9.933968745347345]}"
455,-0.027057146653532982,30.16334893999999,"{""type"":""Point"",""coordinates"":[76.25933262343298,9.84457020931021]}"
456,0.31298696994781494,34.00862144000001,"{""type"":""Point"",""coordinates"":[76.38376748933155,9.872653212768666]}"
457,-0.028431884944438934,29.78736674000001,"{""type"":""Point"",""coordinates"":[76.19556750087045,10.028330838896064]}"
458,-0.009509405121207237,30.16334894000002,"{""type"":""Point"",""coordinates"":[76.19648059003578,9.878530350245294]}"
459,-0.010719425044953823,30.199238150000042,"{""type"":""Point"",""coordinates"":[76.21740102945746,9.8616768528318]}"
460,0.2543090879917145,36.312366920000045,"{""type"":""Point"",""coordinates"":[76.28386720850457,10.052010021902985]}"
461,0.2521449327468872,39.49796156000002,"{""type"":""Point"",""coordinates"":[76.32173008087906,9.927498204947057]}"
462,-0.035250224173069,30.170184980000045,"{""type"":""Point"",""coordinates"":[76.20324416247288,9.962497560809844]}"
463,0.18752068281173706,38.02137692000002,"{""type"":""Point"",""coordinates"":[76.26931641389625,9.920348222508597]}"
464,0.11122183501720428,37.25915846000004,"{""type"":""Point"",""coordinates"":[76.28595249626729,10.015958994126109]}"
465,0.22757631540298462,36.44054267000001,"{""type"":""Point"",""coordinates"":[76.33438817669746,9.970555886083373]}"
466,0.16661565005779266,39.749186030000004,"{""type"":""Point"",""coordinates"":[76.28086183675173,9.971971355650423]}"
467,0.28574681282043457,35.905622540000024,"{""type"":""Point"",""coordinates"":[76.2153914919119,10.013148550838773]}"
468,0.10002335906028748,38.68105478000001,"{""type"":""Point"",""coordinates"":[76.32160832267542,10.046170648609255]}"
469,0.1968003362417221,36.19273622000003,"{""type"":""Point"",""coordinates"":[76.30836213052446,9.851719248527584]}"
470,0.2117176502943039,31.96464548,"{""type"":""Point"",""coordinates"":[76.27917158556771,9.809409826963643]}"
471,0.14908742904663086,36.402944450000035,"{""type"":""Point"",""coordinates"":[76.33565854376072,10.011933025831262]}"
472,0.13074277341365814,35.84068016000003,"{""type"":""Point"",""coordinates"":[76.30316611037406,9.976001535683617]}"
473,0.22271651029586792,37.87611107000001,"{""type"":""Point"",""coordinates"":[76.38112791827227,9.961957009364093]}"
474,0.010657384991645813,30.771756500000038,"{""type"":""Point"",""coordinates"":[76.26354134295882,10.035976432761593]}"
475,0.04304293543100357,31.24344326000005,"{""type"":""Point"",""coordinates"":[76.28161776946462,9.868073080729005]}"
476,0.1715545356273651,35.84751620000003,"{""type"":""Point"",""coordinates"":[76.30739006965376,9.83674211764657]}"
477,0.17447319626808167,37.724009180000024,"{""type"":""Point"",""coordinates"":[76.33989712166817,10.021717747984825]}"
478,-0.03118060901761055,30.942657500000053,"{""type"":""Point"",""coordinates"":[76.28106199498995,9.831843979199169]}"
479,0.18878772854804993,36.77379961999998,"{""type"":""Point"",""coordinates"":[76.29331930502477,10.002487367601518]}"
480,-0.011097175069153309,30.173603000000014,"{""type"":""Point"",""coordinates"":[76.22419507194648,9.89158406136526]}"
481,0.27836018800735474,33.78303212000003,"{""type"":""Point"",""coordinates"":[76.3669217144139,9.847917352168269]}"
482,-0.010469164699316025,31.016144930000053,"{""type"":""Point"",""coordinates"":[76.29221833118267,9.93741964738264]}"
483,0.3159909248352051,38.54775200000006,"{""type"":""Point"",""coordinates"":[76.27606024268665,9.953135494318854]}"
484,-0.018426930531859398,31.02810800000003,"{""type"":""Point"",""coordinates"":[76.2709707121491,10.009691144210967]}"
485,0.15598051249980927,37.51550996000003,"{""type"":""Point"",""coordinates"":[76.29839359990164,9.98703839992837]}"
486,0.24646253883838654,34.65462722000001,"{""type"":""Point"",""coordinates"":[76.340208551453,9.993484437690405]}"
487,-0.021328646689653397,31.106722460000015,"{""type"":""Point"",""coordinates"":[76.26989273604501,9.868279940901735]}"
488,0.1363486796617508,37.53601808000002,"{""type"":""Point"",""coordinates"":[76.37599794670915,9.993332532732143]}"
489,0.29885125160217285,35.59800074000003,"{""type"":""Point"",""coordinates"":[76.36370826734634,9.895705727813537]}"
490,-0.030124438926577568,30.23512735999998,"{""type"":""Point"",""coordinates"":[76.22581111577433,9.970199753850938]}"
491,-0.03693437948822975,30.742703330000012,"{""type"":""Point"",""coordinates"":[76.35879263886271,9.863370460303955]}"
492,0.19416466355323792,32.08085816000005,"{""type"":""Point"",""coordinates"":[76.29677541030065,9.843410033377955]}"
493,0.32007840275764465,34.073563820000004,"{""type"":""Point"",""coordinates"":[76.3040189680029,10.036725434731375]}"
494,-0.008462437428534031,29.941177640000006,"{""type"":""Point"",""coordinates"":[76.16847123441688,9.84654697819039]}"
495,-0.03399699926376343,30.06422636000002,"{""type"":""Point"",""coordinates"":[76.20251614586387,9.992123509346037]}"
496,-0.02548733912408352,30.821317790000023,"{""type"":""Point"",""coordinates"":[76.36647046599397,9.868858315284253]}"
497,0.14604602754116058,37.09851151999999,"{""type"":""Point"",""coordinates"":[76.31463678488669,10.03858749925489]}"
498,-0.014657014049589634,30.308614790000036,"{""type"":""Point"",""coordinates"":[76.23540969168329,9.874055195809238]}"
499,0.2518874704837799,36.47301385999998,"{""type"":""Point"",""coordinates"":[76.330318515016,10.014310713303434]}"
500,0.20203520357608795,36.07310552000001,"{""type"":""Point"",""coordinates"":[76.28717004064048,9.889550114803486]}"
501,0.26601725816726685,36.70543922000002,"{""type"":""Point"",""coordinates"":[76.3547195635724,9.97202086628662]}"
502,-0.007786280941218138,32.07744014000002,"{""type"":""Point"",""coordinates"":[76.33350903317026,9.869647843742994]}"
503,0.37092435359954834,32.45684036,"{""type"":""Point"",""coordinates"":[76.39392264868589,9.978014581039089]}"
504,-0.017067866399884224,30.19752914000003,"{""type"":""Point"",""coordinates"":[76.21288905641474,9.923475529496326]}"
505,-0.03160771355032921,30.361594100000048,"{""type"":""Point"",""coordinates"":[76.33446582996623,9.879181602964861]}"
506,0.279335618019104,34.57772177000001,"{""type"":""Point"",""coordinates"":[76.38562221327702,9.959277283645047]}"
507,-0.006640834733843803,29.884780309999996,"{""type"":""Point"",""coordinates"":[76.21456406034366,9.81397128993564]}"
508,-0.013649244792759418,29.62842881000003,"{""type"":""Point"",""coordinates"":[76.15817509855353,10.000092898028765]}"
509,0.18907181918621063,36.018417200000016,"{""type"":""Point"",""coordinates"":[76.35450097292393,9.9380446042451]}"
510,-0.050019532442092896,30.31545083000003,"{""type"":""Point"",""coordinates"":[76.27947093039565,9.86296363584453]}"
511,0.15535525977611542,31.923629240000025,"{""type"":""Point"",""coordinates"":[76.29082363012273,9.808258276050461]}"
512,0.001237410120666027,31.29129554000002,"{""type"":""Point"",""coordinates"":[76.27202673183835,9.845969962359206]}"
513,-0.008945457637310028,30.118914680000017,"{""type"":""Point"",""coordinates"":[76.2092914943232,9.85658909867167]}"
514,0.3045208156108856,33.96076916000001,"{""type"":""Point"",""coordinates"":[76.40097799400101,9.92862326830594]}"
515,0.25541242957115173,35.98081897999998,"{""type"":""Point"",""coordinates"":[76.3355544726544,9.848928226781108]}"
516,-0.035626545548439026,30.37526618000004,"{""type"":""Point"",""coordinates"":[76.2307058330703,9.95652972493721]}"
517,0.27407824993133545,35.92613066000001,"{""type"":""Point"",""coordinates"":[76.22587042616095,10.000461766746197]}"
518,0.13220356404781342,37.49841986000001,"{""type"":""Point"",""coordinates"":[76.29943181450778,10.008641756547737]}"
519,0.2546968162059784,33.65656538000002,"{""type"":""Point"",""coordinates"":[76.36085816916207,9.899087972110523]}"
520,-0.016620108857750893,29.654063960000002,"{""type"":""Point"",""coordinates"":[76.16184190148527,9.987439845759681]}"
521,0.10882865637540817,33.417303980000014,"{""type"":""Point"",""coordinates"":[76.32612674079826,9.985916508172952]}"
522,0.16508132219314575,37.90687325000005,"{""type"":""Point"",""coordinates"":[76.3024466942126,10.032308219742701]}"
523,-0.03177443519234657,30.036882200000008,"{""type"":""Point"",""coordinates"":[76.1970097958994,9.979194551672224]}"
524,0.2243397831916809,32.11845638,"{""type"":""Point"",""coordinates"":[76.25943778369545,10.060810101996335]}"
525,0.22562874853610992,34.282063040000025,"{""type"":""Point"",""coordinates"":[76.36086522503484,9.900582769099767]}"
526,0.29806631803512573,34.94515892000004,"{""type"":""Point"",""coordinates"":[76.34431580881078,9.939609619772662]}"
527,-0.02042711153626442,30.740994320000027,"{""type"":""Point"",""coordinates"":[76.2859942531645,9.847391840768237]}"
528,-0.037371568381786346,30.187275080000006,"{""type"":""Point"",""coordinates"":[76.20918338644776,9.988233662882319]}"
529,-0.009342887438833714,30.233418350000022,"{""type"":""Point"",""coordinates"":[76.22824895313752,9.846799821318262]}"
530,-0.03073991648852825,30.036882200000036,"{""type"":""Point"",""coordinates"":[76.21886793642045,9.94211916666842]}"
531,0.3292999565601349,33.591623,"{""type"":""Point"",""coordinates"":[76.40125761246762,9.928470008246274]}"
532,-0.0017958510434255004,30.67605193999998,"{""type"":""Point"",""coordinates"":[76.26890200215574,9.906545604507693]}"
533,-0.004383084364235401,31.281041480000027,"{""type"":""Point"",""coordinates"":[76.27941480551931,9.822526652211591]}"
534,0.07447557151317596,31.81425260000003,"{""type"":""Point"",""coordinates"":[76.37068292414426,9.878819385956424]}"
535,0.18471737205982208,36.86608616000001,"{""type"":""Point"",""coordinates"":[76.32702044395862,10.034192432931569]}"
536,0.11490441858768463,35.58261965000003,"{""type"":""Point"",""coordinates"":[76.30415654603617,9.927098154734486]}"
537,0.10940954834222794,35.351903300000004,"{""type"":""Point"",""coordinates"":[76.26304379228692,9.87211471962512]}"
538,-0.019860779866576195,30.098406560000058,"{""type"":""Point"",""coordinates"":[76.21599044930957,9.926558857694065]}"
539,-0.015946965664625168,30.27614360000001,"{""type"":""Point"",""coordinates"":[76.23885091099781,9.869566932184124]}"
540,-0.008797254413366318,30.108660619999995,"{""type"":""Point"",""coordinates"":[76.20299678269457,9.871292345840002]}"
541,-0.013944550417363644,29.89503437000002,"{""type"":""Point"",""coordinates"":[76.2092983346204,9.92177748709657]}"
542,-0.01581358164548874,29.90870645000001,"{""type"":""Point"",""coordinates"":[76.2540550670688,9.798859450116396]}"
543,-0.014264503493905067,30.206074190000038,"{""type"":""Point"",""coordinates"":[76.23069430116024,9.88649672990709]}"
544,0.2685728073120117,36.33629306000003,"{""type"":""Point"",""coordinates"":[76.38381166219841,9.934932603932582]}"
545,-0.012346694245934486,30.045427250000017,"{""type"":""Point"",""coordinates"":[76.24251523884392,9.836588403073922]}"
546,0.1559276580810547,36.97546280000006,"{""type"":""Point"",""coordinates"":[76.30661652515944,10.037280505134774]}"
547,0.2855862081050873,32.94903524000003,"{""type"":""Point"",""coordinates"":[76.34710129365955,9.926501811888446]}"
548,0.20116029679775238,33.54889775000001,"{""type"":""Point"",""coordinates"":[76.30783198321006,9.948070179128893]}"
549,-0.02033412829041481,30.105242599999997,"{""type"":""Point"",""coordinates"":[76.21566193536064,9.925606593348837]}"
550,0.10996764898300171,38.04872108000001,"{""type"":""Point"",""coordinates"":[76.384767092225,9.900362409264796]}"
551,0.20572178065776825,34.13850620000005,"{""type"":""Point"",""coordinates"":[76.22968067023874,10.029552641335519]}"
552,-0.03368164971470833,30.009538040000052,"{""type"":""Point"",""coordinates"":[76.31114617146036,9.884668108122852]}"
553,-0.014651444740593433,29.90870645000004,"{""type"":""Point"",""coordinates"":[76.258434136739,9.806764228883166]}"
554,0.3966270089149475,33.719798750000024,"{""type"":""Point"",""coordinates"":[76.28454578613048,9.932174747000266]}"
555,0.13176856935024261,37.370244110000016,"{""type"":""Point"",""coordinates"":[76.29924711125511,9.995497919819579]}"
556,-0.03368164971470833,30.009538040000052,"{""type"":""Point"",""coordinates"":[76.31104751099203,9.884524894344297]}"
557,-0.007777905557304621,30.018083090000033,"{""type"":""Point"",""coordinates"":[76.18693183253862,9.861986447958378]}"
558,0.06881606578826904,38.54091596000001,"{""type"":""Point"",""coordinates"":[76.30436445527643,9.967389447138038]}"
559,-0.008680179715156555,30.018083090000005,"{""type"":""Point"",""coordinates"":[76.19302644139981,9.868025397708914]}"
560,-0.03400222584605217,30.493187869999986,"{""type"":""Point"",""coordinates"":[76.32281784885791,9.883966175201355]}"
561,-0.009410025551915169,30.065935370000005,"{""type"":""Point"",""coordinates"":[76.15943544332858,9.865731187645233]}"
562,-0.00816180557012558,29.884780309999996,"{""type"":""Point"",""coordinates"":[76.17339512112615,9.872272296675332]}"
563,-0.03509574010968208,30.22829132000004,"{""type"":""Point"",""coordinates"":[76.33011240742013,9.879144022151504]}"
564,0.25985443592071533,33.024231680000014,"{""type"":""Point"",""coordinates"":[76.35258827368973,9.850104723926085]}"
565,-0.008287602104246616,30.26247152000002,"{""type"":""Point"",""coordinates"":[76.2299591169776,9.820543322877556]}"
566,0.267922580242157,34.350423440000014,"{""type"":""Point"",""coordinates"":[76.33514921317177,9.829659328352989]}"
567,-0.006797632202506065,29.910415460000024,"{""type"":""Point"",""coordinates"":[76.20226095493682,9.81861898197948]}"
568,-0.011611063964664936,29.604502669999988,"{""type"":""Point"",""coordinates"":[76.16926935505066,9.90561254968078]}"
569,0.23411785066127777,34.84261832000004,"{""type"":""Point"",""coordinates"":[76.29159898146979,9.979756176728065]}"
570,0.30025815963745117,33.35577962000002,"{""type"":""Point"",""coordinates"":[76.33183158947178,9.978072121244436]}"
571,-0.007362659554928541,29.95997675000001,"{""type"":""Point"",""coordinates"":[76.19847946597825,9.829402347578228]}"
572,-0.036583613604307175,30.766629470000055,"{""type"":""Point"",""coordinates"":[76.27089823674548,9.862476980575352]}"
573,-0.03354601189494133,31.12210355000002,"{""type"":""Point"",""coordinates"":[76.27807443379545,9.87000294300887]}"
574,-0.0077450210228562355,29.814710900000023,"{""type"":""Point"",""coordinates"":[76.21788957622522,9.813747737554177]}"
575,-0.014015330001711845,29.87794427000003,"{""type"":""Point"",""coordinates"":[76.18364173235553,9.90930540436164]}"
576,0.16282792389392853,38.43495733999998,"{""type"":""Point"",""coordinates"":[76.31643883792128,10.031765732974897]}"
577,-0.030334576964378357,30.600855500000023,"{""type"":""Point"",""coordinates"":[76.24358539030824,10.033891938274648]}"
578,0.21076975762844086,34.23933779000001,"{""type"":""Point"",""coordinates"":[76.32978101673255,9.906321071347213]}"
579,-0.017879469320178032,31.677531800000025,"{""type"":""Point"",""coordinates"":[76.26940780410243,9.931724628585238]}"
580,-0.03366910293698311,30.139422800000034,"{""type"":""Point"",""coordinates"":[76.3038672430338,9.885961827979537]}"
581,-0.010931550525128841,29.978775860000013,"{""type"":""Point"",""coordinates"":[76.15313420555808,9.884567699664359]}"
582,0.3082553446292877,33.26007506000002,"{""type"":""Point"",""coordinates"":[76.28597933951663,9.93583828804538]}"
583,0.23335310816764832,36.637078820000056,"{""type"":""Point"",""coordinates"":[76.31334587076631,9.923809381549287]}"
584,-0.03650421276688576,30.61281857000003,"{""type"":""Point"",""coordinates"":[76.27056744374269,9.87349008276446]}"
585,0.009884262457489967,30.93240344000003,"{""type"":""Point"",""coordinates"":[76.34667764330563,9.832052484337737]}"
586,-0.01404793281108141,30.62136362000004,"{""type"":""Point"",""coordinates"":[76.29453396560196,9.876538023229624]}"
587,0.2977238595485687,34.68538940000002,"{""type"":""Point"",""coordinates"":[76.37664614370973,9.883576582724977]}"
588,0.13431738317012787,38.94766034000003,"{""type"":""Point"",""coordinates"":[76.28942736277335,9.966721508507511]}"
589,0.24987079203128815,38.43495733999998,"{""type"":""Point"",""coordinates"":[76.24890173748743,9.960071299485936]}"
590,0.07580143213272095,37.624886600000025,"{""type"":""Point"",""coordinates"":[76.27389326080304,9.994057276724785]}"
591,-0.02798495441675186,30.77175650000001,"{""type"":""Point"",""coordinates"":[76.36720974707954,9.86763427499601]}"
592,-0.007980081252753735,29.667736040000023,"{""type"":""Point"",""coordinates"":[76.14732200867508,9.917321218498644]}"
593,0.2549370229244232,34.312825220000036,"{""type"":""Point"",""coordinates"":[76.31934462357661,9.815382806715576]}"
594,0.18313904106616974,34.48714423999999,"{""type"":""Point"",""coordinates"":[76.36403271127871,9.963402635869816]}"
595,0.2480793446302414,34.43245592000005,"{""type"":""Point"",""coordinates"":[76.23692494820014,10.015107921575071]}"
596,-0.03278578072786331,30.053972299999998,"{""type"":""Point"",""coordinates"":[76.24285121648781,9.90914253450923]}"
597,-0.034855253994464874,30.26247152000002,"{""type"":""Point"",""coordinates"":[76.29972997992941,9.902518484601996]}"
598,-0.034366000443696976,29.833510010000055,"{""type"":""Point"",""coordinates"":[76.18797031812713,9.973598429624609]}"
599,-0.023717647418379784,30.34450400000003,"{""type"":""Point"",""coordinates"":[76.25841466776971,9.972194021109809]}"
600,-0.026111023500561714,30.877715120000033,"{""type"":""Point"",""coordinates"":[76.25119874372484,10.059924693125495]}"
601,0.12801653146743774,38.496481700000004,"{""type"":""Point"",""coordinates"":[76.29174239433561,9.963445503129494]}"
602,0.31410178542137146,36.41319851000003,"{""type"":""Point"",""coordinates"":[76.3031682707313,9.987417455724433]}"
603,0.36896413564682007,33.57965993000002,"{""type"":""Point"",""coordinates"":[76.37876109956066,9.952488737478664]}"
604,0.12651632726192474,39.87394376000003,"{""type"":""Point"",""coordinates"":[76.24722299742426,9.943869061122752]}"
605,0.27755701541900635,36.68151308,"{""type"":""Point"",""coordinates"":[76.35712040524616,9.985700548377235]}"
607,-0.029504718258976936,30.300069740000026,"{""type"":""Point"",""coordinates"":[76.19476427014402,9.985271066078477]}"
608,0.17010898888111115,38.02821296000002,"{""type"":""Point"",""coordinates"":[76.27535137653811,9.959674715202885]}"
609,-0.03340640664100647,30.829862840000033,"{""type"":""Point"",""coordinates"":[76.32080520479236,9.886389740994295]}"
610,-0.036461737006902695,30.881133140000003,"{""type"":""Point"",""coordinates"":[76.36529307376212,9.876221166098297]}"
611,-0.03218390792608261,29.88648932000001,"{""type"":""Point"",""coordinates"":[76.24420691690023,9.911778271024993]}"
612,-0.0023496903013437986,30.28981568000006,"{""type"":""Point"",""coordinates"":[76.26906265604465,9.89998313298752]}"
613,-0.011568480171263218,29.700207230000018,"{""type"":""Point"",""coordinates"":[76.15082255120393,9.957505277674436]}"
614,-0.037672024220228195,30.177021020000012,"{""type"":""Point"",""coordinates"":[76.21914579981386,9.973268402765378]}"
615,0.17850826680660248,39.65689949,"{""type"":""Point"",""coordinates"":[76.27715289454108,9.954675282566383]}"
616,-0.040895216166973114,30.749539370000008,"{""type"":""Point"",""coordinates"":[76.3630532873026,9.87679867867654]}"
617,-0.013494718819856644,29.725842380000017,"{""type"":""Point"",""coordinates"":[76.15708436794446,9.963841492040661]}"
618,-0.03011796995997429,30.72390422000001,"{""type"":""Point"",""coordinates"":[76.34631290233905,9.867266136055942]}"
619,-0.03717399388551712,30.351340040000025,"{""type"":""Point"",""coordinates"":[76.20750088116333,9.959190740205575]}"
620,-0.008896459825336933,29.739514460000038,"{""type"":""Point"",""coordinates"":[76.15206912634893,9.919679208093624]}"
621,0.29067105054855347,35.162203190000014,"{""type"":""Point"",""coordinates"":[76.3750342400956,9.94681228060563]}"
622,-0.009478318504989147,30.030046160000012,"{""type"":""Point"",""coordinates"":[76.1548003633569,9.865441824355354]}"
623,0.10636880993843079,35.16049418,"{""type"":""Point"",""coordinates"":[76.2710945390458,9.987624665817581]}"
624,0.30969882011413574,33.73176182000003,"{""type"":""Point"",""coordinates"":[76.35603587319073,9.85976346452031]}"
625,-0.030496740713715553,30.682887980000032,"{""type"":""Point"",""coordinates"":[76.23311425889615,10.05904089684172]}"
626,-0.016315797343850136,31.07425126999999,"{""type"":""Point"",""coordinates"":[76.24988108442764,10.050118820132761]}"
627,-0.012148232199251652,30.004411010000013,"{""type"":""Point"",""coordinates"":[76.24662791443595,9.81094847291781]}"
628,-0.014895050786435604,31.665568730000018,"{""type"":""Point"",""coordinates"":[76.34086710085973,9.850625191718944]}"
629,-0.012139561586081982,30.192402110000046,"{""type"":""Point"",""coordinates"":[76.24541967296899,9.802599057915607]}"
630,0.34950166940689087,36.39098138000003,"{""type"":""Point"",""coordinates"":[76.39997189969313,9.907263957585297]}"
631,-0.006797898095101118,29.850600110000016,"{""type"":""Point"",""coordinates"":[76.21942841529071,9.808845340234628]}"
632,-0.01549024973064661,31.236607219999996,"{""type"":""Point"",""coordinates"":[76.28831826209034,9.90331205540302]}"
633,0.28812074661254883,36.99597092000002,"{""type"":""Point"",""coordinates"":[76.31716575434085,9.960514996569545]}"
634,-0.009830300696194172,29.724133370000033,"{""type"":""Point"",""coordinates"":[76.14054843218828,9.908950819848954]}"
635,0.08988039195537567,38.67763676000004,"{""type"":""Point"",""coordinates"":[76.2841907464959,9.967354528413638]}"
636,-0.008798391558229923,29.966812790000006,"{""type"":""Point"",""coordinates"":[76.15193845242607,9.866893290412328]}"
637,-0.019411323592066765,30.09840656000003,"{""type"":""Point"",""coordinates"":[76.23000881734228,9.911331478372377]}"
638,-0.028721213340759277,30.224873300000013,"{""type"":""Point"",""coordinates"":[76.34097413089063,9.882555712092373]}"
639,-0.01716688647866249,30.10695161000004,"{""type"":""Point"",""coordinates"":[76.23485118145516,9.88459074636434]}"
640,0.20085278153419495,37.43347748000002,"{""type"":""Point"",""coordinates"":[76.29373949270372,9.951376469662838]}"
641,0.26221174001693726,34.06672778000001,"{""type"":""Point"",""coordinates"":[76.25440922006179,10.021904007581849]}"
642,0.06180756166577339,32.55083591000002,"{""type"":""Point"",""coordinates"":[76.31332873411597,9.958263510760156]}"
643,0.02271263487637043,32.415824119999996,"{""type"":""Point"",""coordinates"":[76.34043267072738,9.848414810133011]}"
644,0.24023298919200897,36.67125901999998,"{""type"":""Point"",""coordinates"":[76.37918478900067,9.934673802701967]}"
645,-0.036112476140260696,30.594019460000027,"{""type"":""Point"",""coordinates"":[76.21354568259169,10.014100180476639]}"
646,0.15211112797260284,32.14921856000001,"{""type"":""Point"",""coordinates"":[76.34003956207084,9.891457436111054]}"
647,0.2078983187675476,36.69860318000002,"{""type"":""Point"",""coordinates"":[76.31418401253664,9.928842195116227]}"
648,0.3243463933467865,34.13850620000005,"{""type"":""Point"",""coordinates"":[76.35866771850858,9.931340125708688]}"
649,-0.032496377825737,30.41799143,"{""type"":""Point"",""coordinates"":[76.26391977322322,9.845217459595158]}"
650,0.23864249885082245,35.86118828000002,"{""type"":""Point"",""coordinates"":[76.32669593849975,9.850793728837719]}"
651,-0.01050460897386074,29.60279366000003,"{""type"":""Point"",""coordinates"":[76.14207888283141,9.95809872966774]}"
652,-0.028192628175020218,30.27956162000001,"{""type"":""Point"",""coordinates"":[76.30278254170224,9.913305750257953]}"
653,-0.03118843212723732,30.088152500000035,"{""type"":""Point"",""coordinates"":[76.24692640625295,9.89775078237358]}"
654,0.031157031655311584,32.226124010000035,"{""type"":""Point"",""coordinates"":[76.2763674094982,9.825354783012493]}"
655,-0.008581770583987236,31.607462390000023,"{""type"":""Point"",""coordinates"":[76.2805055758187,9.92904018034772]}"
656,-0.013212203979492188,30.28981568000006,"{""type"":""Point"",""coordinates"":[76.2482870173783,9.83831573699319]}"
657,-0.014697592705488205,30.26588953999999,"{""type"":""Point"",""coordinates"":[76.2436998997997,9.863382732787885]}"
658,0.17057396471500397,40.12687724,"{""type"":""Point"",""coordinates"":[76.34165895927703,10.008055686304475]}"
659,0.23428906500339508,36.3431291,"{""type"":""Point"",""coordinates"":[76.32101690736073,9.949450576558155]}"
660,0.15349863469600677,37.43347748000002,"{""type"":""Point"",""coordinates"":[76.39365909162369,9.897068234206762]}"
661,0.26660066843032837,37.81971374,"{""type"":""Point"",""coordinates"":[76.3527997318579,9.996411239519192]}"
662,-0.007871025241911411,29.96510378000002,"{""type"":""Point"",""coordinates"":[76.17386396550825,9.862341216953551]}"
663,-0.021250220015645027,29.91725150000002,"{""type"":""Point"",""coordinates"":[76.1874512860677,9.93582617598824]}"
664,0.063405841588974,32.28252134000002,"{""type"":""Point"",""coordinates"":[76.27967062688467,9.81278277306801]}"
665,-0.03573539853096008,30.356467070000036,"{""type"":""Point"",""coordinates"":[76.31726298702569,9.883785258133186]}"
666,0.3956655263900757,32.492729569999995,"{""type"":""Point"",""coordinates"":[76.34170965561952,9.932045447689129]}"
667,-0.008848519995808601,29.823255950000004,"{""type"":""Point"",""coordinates"":[76.22891323583582,9.819752615595267]}"
668,-0.01311703585088253,29.97706685000003,"{""type"":""Point"",""coordinates"":[76.19536996910139,9.910770478689908]}"
669,-0.007569553330540657,29.862563179999995,"{""type"":""Point"",""coordinates"":[76.16882561132245,9.888733373836969]}"
670,-0.009763583540916443,29.836928029999996,"{""type"":""Point"",""coordinates"":[76.15285012850819,9.895464848661101]}"
671,0.16324500739574432,38.294818520000035,"{""type"":""Point"",""coordinates"":[76.30747642839039,9.990153813702241]}"
672,-0.014639577828347683,29.88136229,"{""type"":""Point"",""coordinates"":[76.16154268484748,10.011354215871348]}"
673,-0.00878321286290884,29.930923580000012,"{""type"":""Point"",""coordinates"":[76.16652975325627,9.87671584594683]}"
674,-0.02079780586063862,29.944595660000005,"{""type"":""Point"",""coordinates"":[76.17038351350445,10.000375714668069]}"
675,0.2627239525318146,37.80945968000003,"{""type"":""Point"",""coordinates"":[76.33247234246974,10.012528749204034]}"
676,0.1464720070362091,36.934446560000026,"{""type"":""Point"",""coordinates"":[76.30007440556237,9.985370889950053]}"
677,0.0483248233795166,30.952911560000018,"{""type"":""Point"",""coordinates"":[76.2784058300792,10.047296783727141]}"
678,-0.027420304715633392,30.935821460000057,"{""type"":""Point"",""coordinates"":[76.24488373336636,10.059971025015496]}"
679,0.26960238814353943,33.99153134000002,"{""type"":""Point"",""coordinates"":[76.21737291599952,10.030028410303363]}"
680,-0.03430391848087311,29.872817240000018,"{""type"":""Point"",""coordinates"":[76.19675365556786,10.030092439042301]}"
681,-0.006940281018614769,30.038591209999993,"{""type"":""Point"",""coordinates"":[76.2164305227771,9.846205711383226]}"
682,-0.010750082321465015,29.768567630000007,"{""type"":""Point"",""coordinates"":[76.15808147893809,9.940325258388084]}"
683,-0.0065423548221588135,30.03004616000004,"{""type"":""Point"",""coordinates"":[76.18144868938289,9.86109351691779]}"
684,-0.010277457535266876,29.647227919999978,"{""type"":""Point"",""coordinates"":[76.14838660796036,9.948815081675843]}"
685,-0.030993793159723282,31.004181860000017,"{""type"":""Point"",""coordinates"":[76.27297484201245,9.87289425065516]}"
686,-0.011032011359930038,30.08473448000001,"{""type"":""Point"",""coordinates"":[76.22887280083594,9.863935917627673]}"
687,0.16907213628292084,37.132691720000025,"{""type"":""Point"",""coordinates"":[76.3464401235573,9.9500196370258]}"
688,0.23832456767559052,35.39291953999998,"{""type"":""Point"",""coordinates"":[76.32869680948681,9.91101715414027]}"
689,0.0990222692489624,36.10215869000001,"{""type"":""Point"",""coordinates"":[76.3385777622805,9.952596445595294]}"
690,0.18851307034492493,36.661004960000014,"{""type"":""Point"",""coordinates"":[76.35905758043576,9.995866559653184]}"
691,0.3381960988044739,33.4378121,"{""type"":""Point"",""coordinates"":[76.37883253537653,9.9060030436199]}"
692,-0.021997088566422462,29.725842380000017,"{""type"":""Point"",""coordinates"":[76.17388104687461,9.960390097984053]}"
693,0.1884782463312149,36.16710107000003,"{""type"":""Point"",""coordinates"":[76.34505848110722,9.956083126872352]}"
694,0.3789319097995758,32.273976290000036,"{""type"":""Point"",""coordinates"":[76.37139317684411,9.909410693679815]}"
695,0.2117762267589569,35.57236559000003,"{""type"":""Point"",""coordinates"":[76.34723092243068,9.935322333444663]}"
696,-0.009077925235033035,30.002702000000028,"{""type"":""Point"",""coordinates"":[76.18317526030366,9.867283652481673]}"
697,0.06342214345932007,33.18146060000004,"{""type"":""Point"",""coordinates"":[76.31412816482828,9.957248406846855]}"
698,0.2590387463569641,34.52986949000001,"{""type"":""Point"",""coordinates"":[76.32719243525801,9.856445638467157]}"
699,-0.03692077100276947,30.177021019999984,"{""type"":""Point"",""coordinates"":[76.22653131732802,9.959915236272058]}"
700,0.279426634311676,35.19467438000004,"{""type"":""Point"",""coordinates"":[76.38637896208542,9.908885245220972]}"
701,-0.03099600039422512,30.75466640000002,"{""type"":""Point"",""coordinates"":[76.2459002465334,10.046626113446354]}"
702,-0.012197788804769516,30.351340040000025,"{""type"":""Point"",""coordinates"":[76.2349447597731,9.86742218584467]}"
703,0.16464456915855408,37.78895155999999,"{""type"":""Point"",""coordinates"":[76.35113631428595,9.997054955630206]}"
704,0.3110180199146271,34.63411910000002,"{""type"":""Point"",""coordinates"":[76.3624029222908,9.903176128372506]}"
705,-0.03510328754782677,30.01637407999999,"{""type"":""Point"",""coordinates"":[76.25000202960138,9.910240767699669]}"
706,0.2537936270236969,36.64049684,"{""type"":""Point"",""coordinates"":[76.38697338441521,9.90232526941966]}"
707,0.18104518949985504,32.28593936000004,"{""type"":""Point"",""coordinates"":[76.35606252981248,9.90886398198357]}"
708,-0.009854373522102833,29.625010790000033,"{""type"":""Point"",""coordinates"":[76.13654684067657,9.960867866762147]}"
709,0.25291314721107483,36.96520874000004,"{""type"":""Point"",""coordinates"":[76.38105907549688,9.914844188906432]}"
710,0.1724194586277008,38.50844477000004,"{""type"":""Point"",""coordinates"":[76.2990612350315,10.035328429517316]}"
711,-0.008464431390166283,30.853788980000047,"{""type"":""Point"",""coordinates"":[76.29016440430904,9.92533304916633]}"
712,0.19444750249385834,33.65998339999999,"{""type"":""Point"",""coordinates"":[76.25679859495034,10.0255040260705]}"
713,-0.014047369360923767,30.289815680000032,"{""type"":""Point"",""coordinates"":[76.23614180957848,9.869349763934311]}"
714,-0.011409282684326172,30.048845270000015,"{""type"":""Point"",""coordinates"":[76.23493539393512,9.845743470684623]}"
715,-0.01276383176445961,29.944595660000005,"{""type"":""Point"",""coordinates"":[76.21297408844711,9.91741128161017]}"
716,-0.010528722777962685,29.79249377000002,"{""type"":""Point"",""coordinates"":[76.15951336944865,9.93496386602682]}"
717,0.24081718921661377,34.485435230000036,"{""type"":""Point"",""coordinates"":[76.32727191115914,9.83055679446507]}"
718,0.14910446107387543,38.05213909999998,"{""type"":""Point"",""coordinates"":[76.27863921510782,9.98378945417294]}"
719,-0.01172733586281538,29.611338710000012,"{""type"":""Point"",""coordinates"":[76.14948687164501,9.957112240381415]}"
720,0.2924596667289734,35.69712332000006,"{""type"":""Point"",""coordinates"":[76.30606343477778,9.955158371859207]}"
721,0.277011513710022,36.182482160000006,"{""type"":""Point"",""coordinates"":[76.24126211263584,9.967121804142987]}"
722,-0.014980818144977093,29.80445684000003,"{""type"":""Point"",""coordinates"":[76.19930308050304,9.918241831943877]}"
723,-0.028593575581908226,31.267369400000007,"{""type"":""Point"",""coordinates"":[76.26507651900073,9.984346770561654]}"
724,-0.008840701542794704,29.703625250000016,"{""type"":""Point"",""coordinates"":[76.14130343427564,9.925143982783684]}"
725,-0.03088945522904396,30.679469960000006,"{""type"":""Point"",""coordinates"":[76.24600757878359,10.051486050899813]}"
726,-0.036069512367248535,29.95655873000004,"{""type"":""Point"",""coordinates"":[76.18981187711044,9.962895341425615]}"
727,-0.01585220731794834,30.100115570000014,"{""type"":""Point"",""coordinates"":[76.2016316293556,9.926067781996222]}"
728,-0.011464842595160007,30.236836369999992,"{""type"":""Point"",""coordinates"":[76.21757207905657,9.89627892465088]}"
729,0.31276366114616394,34.51277939000002,"{""type"":""Point"",""coordinates"":[76.32696916580299,9.865388624621952]}"
730,0.08748572319746017,36.84899605999999,"{""type"":""Point"",""coordinates"":[76.29147444669756,9.989291194080964]}"
731,0.14825968444347382,38.53066190000004,"{""type"":""Point"",""coordinates"":[76.31051955007753,9.841554783380317]}"
732,-0.03895268589258194,30.187275080000006,"{""type"":""Point"",""coordinates"":[76.20557210538813,9.96947783956398]}"
733,0.22690574824810028,36.47984989999998,"{""type"":""Point"",""coordinates"":[76.3536506361201,9.942274094840753]}"
734,0.21590933203697205,37.08996647000001,"{""type"":""Point"",""coordinates"":[76.28813322925086,10.00324496256632]}"
735,0.05070729926228523,39.64835444000005,"{""type"":""Point"",""coordinates"":[76.28750324964476,9.964744392246365]}"
736,-0.029888488352298737,30.799100660000022,"{""type"":""Point"",""coordinates"":[76.34811787776057,9.857693393576044]}"
737,0.29756662249565125,34.432455920000024,"{""type"":""Point"",""coordinates"":[76.32948386489717,9.838109803135358]}"
738,-0.023677252233028412,30.518823020000013,"{""type"":""Point"",""coordinates"":[76.35434744014951,9.897793490865602]}"
739,0.27471575140953064,32.87554781000003,"{""type"":""Point"",""coordinates"":[76.21318977978467,10.024614603901114]}"
740,0.09207939356565475,40.246507940000015,"{""type"":""Point"",""coordinates"":[76.24788065396424,9.96473269328662]}"
741,0.2295038104057312,37.04382320000002,"{""type"":""Point"",""coordinates"":[76.32133454590695,9.910531109012346]}"
742,0.1659291386604309,36.69518516000005,"{""type"":""Point"",""coordinates"":[76.31304927729896,9.987770604545142]}"
743,-0.012595103122293949,29.896743380000032,"{""type"":""Point"",""coordinates"":[76.17211266043213,9.933445215117176]}"
744,0.22490006685256958,37.14636380000002,"{""type"":""Point"",""coordinates"":[76.21936562716493,10.042567939625602]}"
745,-0.020928848534822464,29.879653280000042,"{""type"":""Point"",""coordinates"":[76.17542845945238,9.977752754367508]}"
746,0.3192561864852905,34.64266415,"{""type"":""Point"",""coordinates"":[76.37314427078881,10.005103678542243]}"
747,-0.01003004889935255,29.828382980000015,"{""type"":""Point"",""coordinates"":[76.1690993123418,9.920806938280993]}"
748,0.24776656925678253,37.13781875000001,"{""type"":""Point"",""coordinates"":[76.36673500843116,9.980341800715847]}"
749,-0.018498843535780907,30.031755169999997,"{""type"":""Point"",""coordinates"":[76.17478327733261,10.028676996332582]}"
750,-0.029446834698319435,30.341085980000003,"{""type"":""Point"",""coordinates"":[76.35814730848186,9.892028849682466]}"
751,-0.030887195840477943,30.282979640000008,"{""type"":""Point"",""coordinates"":[76.35882850681183,9.890738860630268]}"
752,0.3126368224620819,34.41365681000002,"{""type"":""Point"",""coordinates"":[76.35136169982003,9.862447772889178]}"
753,-0.015855930745601654,30.701687090000007,"{""type"":""Point"",""coordinates"":[76.27400887216032,9.835708279933101]}"
754,-0.00958945695310831,29.819837930000006,"{""type"":""Point"",""coordinates"":[76.23378228404772,9.82775321284897]}"
755,0.0668984204530716,40.38322874000005,"{""type"":""Point"",""coordinates"":[76.27614200312249,9.914325842266008]}"
756,0.157984659075737,35.181002300000046,"{""type"":""Point"",""coordinates"":[76.27625896593884,10.033575954875573]}"
757,-0.024456974118947983,30.12062369000003,"{""type"":""Point"",""coordinates"":[76.19784298264024,9.934698514549117]}"
758,0.2586859166622162,33.663401420000014,"{""type"":""Point"",""coordinates"":[76.3369808283829,9.824843168463037]}"
759,0.1827389895915985,36.62169773000002,"{""type"":""Point"",""coordinates"":[76.29648324538977,9.995668243597262]}"
760,-0.009233656339347363,29.912124470000037,"{""type"":""Point"",""coordinates"":[76.18948255011169,9.879577318348852]}"
761,-0.009441882371902466,29.91725150000002,"{""type"":""Point"",""coordinates"":[76.15634451816962,9.87394580616063]}"
762,-0.03178689256310463,30.617945600000013,"{""type"":""Point"",""coordinates"":[76.23317721092823,10.054459686767908]}"
763,0.1268530786037445,36.734492390000014,"{""type"":""Point"",""coordinates"":[76.28961847478266,10.014343933220843]}"
764,-0.007574263494461775,29.879653280000042,"{""type"":""Point"",""coordinates"":[76.18481627389576,9.834845711597364]}"
765,-0.010458406060934067,30.149676860000028,"{""type"":""Point"",""coordinates"":[76.20089217459712,9.880510113569722]}"
766,-0.012825556099414825,29.98219388000004,"{""type"":""Point"",""coordinates"":[76.21493488204601,9.908768739999818]}"
767,-0.010476956143975258,30.136004780000036,"{""type"":""Point"",""coordinates"":[76.21253063278039,9.858574492599711]}"
768,-0.015493517741560936,30.18385706000001,"{""type"":""Point"",""coordinates"":[76.23066582631508,9.894928170681334]}"
769,0.2937018573284149,34.765712870000016,"{""type"":""Point"",""coordinates"":[76.37904089108643,9.86915185294656]}"
770,0.16600362956523895,37.447149560000014,"{""type"":""Point"",""coordinates"":[76.22404867085028,9.984030636603384]}"
771,-0.011895592324435711,30.067644380000047,"{""type"":""Point"",""coordinates"":[76.24042022365576,9.841385865462083]}"
772,-0.014453963376581669,29.824964960000017,"{""type"":""Point"",""coordinates"":[76.25236911436993,9.813746410144429]}"
773,-0.017335407435894012,30.82302679999998,"{""type"":""Point"",""coordinates"":[76.3079465212238,9.882234182313399]}"
774,0.1309586614370346,31.592081300000018,"{""type"":""Point"",""coordinates"":[76.32928950093438,9.8724252653656]}"
775,0.18757396936416626,37.327518860000055,"{""type"":""Point"",""coordinates"":[76.34115863839381,10.023950891597673]}"
776,-0.016462840139865875,31.055452160000016,"{""type"":""Point"",""coordinates"":[76.29199608378183,9.922634281028248]}"
777,0.36111459136009216,34.60335692000001,"{""type"":""Point"",""coordinates"":[76.35394154827871,9.974285864590804]}"
778,-0.015287310816347599,29.905288430000013,"{""type"":""Point"",""coordinates"":[76.20590923809448,9.91875116291298]}"
779,-0.018525809049606323,29.93434160000001,"{""type"":""Point"",""coordinates"":[76.18352244565973,9.939032879129737]}"
780,0.282256156206131,33.36603367999999,"{""type"":""Point"",""coordinates"":[76.30743782496987,9.818794046065664]}"
781,0.06817162036895752,32.23466905999999,"{""type"":""Point"",""coordinates"":[76.29003128910684,9.820709506879096]}"
782,-0.015670254826545715,29.941177640000035,"{""type"":""Point"",""coordinates"":[76.25660150695978,9.820421477443933]}"
783,-0.011260692030191422,30.293233700000002,"{""type"":""Point"",""coordinates"":[76.23108810276032,9.858419595406412]}"
784,0.1189928650856018,37.77357046999998,"{""type"":""Point"",""coordinates"":[76.28510751817336,9.998286249386187]}"
785,-0.021453334018588066,29.802747830000044,"{""type"":""Point"",""coordinates"":[76.17481352968295,9.978862036956654]}"
786,0.17589440941810608,36.84899606000002,"{""type"":""Point"",""coordinates"":[76.25713695800286,9.925260847987479]}"
787,-0.0415884293615818,30.303487760000053,"{""type"":""Point"",""coordinates"":[76.2100697536377,9.99943625858361]}"
788,0.32808718085289,34.087235900000024,"{""type"":""Point"",""coordinates"":[76.32150105607143,9.847328661816576]}"
789,0.09413275867700577,38.29310951000002,"{""type"":""Point"",""coordinates"":[76.2819489939099,9.987468608903066]}"
790,-0.007376205176115036,29.990738929999992,"{""type"":""Point"",""coordinates"":[76.19118717840482,9.82391831363487]}"
791,-0.006971851922571659,29.95143170000003,"{""type"":""Point"",""coordinates"":[76.18141900088308,9.859180825899507]}"
792,0.3063327372074127,33.92829797000002,"{""type"":""Point"",""coordinates"":[76.23544382551759,10.012661165374167]}"
793,0.11075630784034729,36.91052042000001,"{""type"":""Point"",""coordinates"":[76.29435644167123,9.94412569832629]}"
794,0.04815592244267464,32.35771778000003,"{""type"":""Point"",""coordinates"":[76.33962672657344,9.890994802498428]}"
795,-0.03205697983503342,30.11207864000002,"{""type"":""Point"",""coordinates"":[76.19534733982434,9.956345010123348]}"
796,0.2213539332151413,35.362157360000026,"{""type"":""Point"",""coordinates"":[76.2775583547074,9.997341402267343]}"
797,0.3254948556423187,38.20595000000003,"{""type"":""Point"",""coordinates"":[76.34216792648245,10.006490803419073]}"
798,-0.03661824017763138,30.484642820000005,"{""type"":""Point"",""coordinates"":[76.29411310968662,9.892107878408812]}"
799,0.35204383730888367,32.238087080000014,"{""type"":""Point"",""coordinates"":[76.32403723145896,9.811660829032654]}"
800,-0.010332089848816395,30.14625884000003,"{""type"":""Point"",""coordinates"":[76.22575607666207,9.866786348409486]}"
801,-0.015036757104098797,30.26759855000003,"{""type"":""Point"",""coordinates"":[76.22985331964414,9.882330132690688]}"
802,-0.008664418011903763,29.77369465999999,"{""type"":""Point"",""coordinates"":[76.13760765695834,9.935131118079948]}"
803,0.10760902613401413,37.34119094000005,"{""type"":""Point"",""coordinates"":[76.33001847264516,10.012788456508593]}"
804,-0.03335979953408241,30.749539370000036,"{""type"":""Point"",""coordinates"":[76.24173218677387,10.045042748742246]}"
805,-0.013500985689461231,29.681408120000015,"{""type"":""Point"",""coordinates"":[76.14936736726739,9.974288541610075]}"
806,-0.010045245289802551,30.149676860000028,"{""type"":""Point"",""coordinates"":[76.2164109982168,9.860235021044476]}"
807,0.10045728087425232,39.188630750000016,"{""type"":""Point"",""coordinates"":[76.28879207048959,9.964606181883365]}"
808,-0.01994948647916317,29.889907340000008,"{""type"":""Point"",""coordinates"":[76.18704452914746,9.936541111524347]}"
809,-0.01807466149330139,30.25050845000004,"{""type"":""Point"",""coordinates"":[76.25553090442584,9.97631391935437]}"
810,0.13334588706493378,36.84216002000005,"{""type"":""Point"",""coordinates"":[76.29991776612418,10.029567513252678]}"
811,-0.021180137991905212,30.735867290000044,"{""type"":""Point"",""coordinates"":[76.25467810201066,10.00535757101358]}"
812,-0.015318134799599648,29.953140710000014,"{""type"":""Point"",""coordinates"":[76.25737990212613,9.802194601893678]}"
813,-0.007963877171278,29.901870410000015,"{""type"":""Point"",""coordinates"":[76.22772183910874,9.803868843798424]}"
814,-0.007613186724483967,29.862563180000024,"{""type"":""Point"",""coordinates"":[76.19942551028716,9.859270930530089]}"
815,0.23525236546993256,38.07093821000004,"{""type"":""Point"",""coordinates"":[76.34019894142399,10.02789083727652]}"
816,0.2028435319662094,36.28844078000003,"{""type"":""Point"",""coordinates"":[76.2840770221986,10.055661958447882]}"
817,-0.008153531700372696,29.89161635000002,"{""type"":""Point"",""coordinates"":[76.1984577747573,9.85981339273654]}"
818,-0.007359885610640049,29.97706685000003,"{""type"":""Point"",""coordinates"":[76.17844431231988,9.843853608332262]}"
819,0.22231872379779816,36.40465346000002,"{""type"":""Point"",""coordinates"":[76.3698359213156,9.895202605238683]}"
820,0.1668989211320877,35.12118695000004,"{""type"":""Point"",""coordinates"":[76.30965481750486,9.966865181606174]}"
821,-0.013488108292222023,30.730740260000005,"{""type"":""Point"",""coordinates"":[76.27020000576111,9.996671033883628]}"
822,0.29698050022125244,36.51573911000003,"{""type"":""Point"",""coordinates"":[76.31687866743268,9.937467485460896]}"
823,-0.026290709152817726,29.70875228,"{""type"":""Point"",""coordinates"":[76.19312338175821,10.030043331449576]}"
824,-0.0176077950745821,30.000992990000043,"{""type"":""Point"",""coordinates"":[76.20929999805483,9.927594948708693]}"
825,0.32578736543655396,34.302571160000014,"{""type"":""Point"",""coordinates"":[76.3926627264317,9.896909357983002]}"
826,0.15458005666732788,31.479286639999998,"{""type"":""Point"",""coordinates"":[76.3395357850984,9.938005234634653]}"
827,0.06473305076360703,32.60381522000003,"{""type"":""Point"",""coordinates"":[76.26391586262412,10.046594849389368]}"
828,0.16920512914657593,36.864377150000024,"{""type"":""Point"",""coordinates"":[76.38199539567103,9.862645164320742]}"
829,0.21637602150440216,34.56917672000003,"{""type"":""Point"",""coordinates"":[76.30158121903888,9.927908022708891]}"
830,-0.009160204790532589,29.905288430000013,"{""type"":""Point"",""coordinates"":[76.1588443725699,9.936210499416179]}"
831,0.22932444512844086,35.98423700000001,"{""type"":""Point"",""coordinates"":[76.2670597790702,10.04006926606877]}"
832,0.2606889009475708,33.33868952,"{""type"":""Point"",""coordinates"":[76.27301122595051,10.057186217828319]}"
833,0.19124577939510345,37.768443440000055,"{""type"":""Point"",""coordinates"":[76.29853368817457,9.863318746518493]}"
834,0.24262523651123047,33.29938228999998,"{""type"":""Point"",""coordinates"":[76.28341063545456,9.876467245062551]}"
835,0.27488771080970764,34.53841454000002,"{""type"":""Point"",""coordinates"":[76.30893216874823,9.876609574682334]}"
836,-0.008408874273300171,29.677990099999988,"{""type"":""Point"",""coordinates"":[76.13403787294858,9.925169156874619]}"
837,-0.0047804187051951885,30.10182458,"{""type"":""Point"",""coordinates"":[76.33962303587367,9.907059624144635]}"
838,0.1898559331893921,36.79430774000002,"{""type"":""Point"",""coordinates"":[76.3333104093161,9.997373182029884]}"
839,0.20229190587997437,35.48520608000001,"{""type"":""Point"",""coordinates"":[76.27703465346586,10.050187462157433]}"
840,0.33506229519844055,33.629221220000034,"{""type"":""Point"",""coordinates"":[76.35880737304493,10.028634577459666]}"
841,-0.012375179678201675,30.282979640000008,"{""type"":""Point"",""coordinates"":[76.2413657671107,9.81079730227357]}"
842,-0.014108100906014442,29.758313569999984,"{""type"":""Point"",""coordinates"":[76.25082805378021,9.821748204032781]}"
843,0.15812957286834717,39.556067900000016,"{""type"":""Point"",""coordinates"":[76.26310342866593,9.967130369126275]}"
844,-0.02853569947183132,30.224873300000013,"{""type"":""Point"",""coordinates"":[76.23368165788241,9.96318338393037]}"
845,0.2856559455394745,35.43393578000001,"{""type"":""Point"",""coordinates"":[76.37179133789778,9.93058034269151]}"
846,-0.0576682910323143,30.428245489999995,"{""type"":""Point"",""coordinates"":[76.27703243253842,9.851616638102419]}"
847,-0.041378941386938095,30.44362658,"{""type"":""Point"",""coordinates"":[76.25690420822654,9.885014149339847]}"
848,0.33558160066604614,33.52326260000001,"{""type"":""Point"",""coordinates"":[76.38094451952122,9.956640120483039]}"
849,-0.026031481102108955,30.11891467999999,"{""type"":""Point"",""coordinates"":[76.192890817029,9.984440003694246]}"
850,-0.008329293690621853,29.775403670000003,"{""type"":""Point"",""coordinates"":[76.13218092811049,9.91268582826988]}"
851,0.24022671580314636,37.624886600000025,"{""type"":""Point"",""coordinates"":[76.32098715054141,10.023755893700278]}"
852,0.17964059114456177,33.16266149000003,"{""type"":""Point"",""coordinates"":[76.21427547791681,10.016401025814538]}"
853,0.2633103132247925,36.70543922000002,"{""type"":""Point"",""coordinates"":[76.31963740914652,9.933810255880115]}"
854,-0.022540992125868797,29.857436150000012,"{""type"":""Point"",""coordinates"":[76.17984731233364,9.991134753666078]}"
855,-0.03067081794142723,31.766400320000002,"{""type"":""Point"",""coordinates"":[76.26846045867605,9.968390909544665]}"
856,-0.035820405930280685,30.51369599000003,"{""type"":""Point"",""coordinates"":[76.26382584563109,9.847596497972729]}"
857,-0.012323800474405289,29.92066952000002,"{""type"":""Point"",""coordinates"":[76.18228847073053,9.903651822130652]}"
858,0.06360621750354767,40.93011194000002,"{""type"":""Point"",""coordinates"":[76.29077735175667,9.972233970493539]}"
859,0.26653170585632324,35.76548372000002,"{""type"":""Point"",""coordinates"":[76.35668590779285,10.025022616268027]}"
860,0.24342721700668335,35.65439807000001,"{""type"":""Point"",""coordinates"":[76.38178529115726,9.938127340849388]}"
861,0.17415300011634827,35.351903300000004,"{""type"":""Point"",""coordinates"":[76.2249959876416,10.03076196861114]}"
862,-0.008089197799563408,29.889907340000008,"{""type"":""Point"",""coordinates"":[76.17246913598606,9.838954158740052]}"
863,-0.00989052839577198,30.55983925999999,"{""type"":""Point"",""coordinates"":[76.26383537088137,10.015716216482833]}"
864,0.22307495772838593,38.05213910000003,"{""type"":""Point"",""coordinates"":[76.35738553982304,10.011647516628623]}"
865,-0.013383911922574043,29.94801368000003,"{""type"":""Point"",""coordinates"":[76.18052035303118,9.905450002222716]}"
866,0.07264304906129837,44.57543027000003,"{""type"":""Point"",""coordinates"":[76.27249217096107,9.94548896477455]}"
867,0.18130089342594147,36.53795624000003,"{""type"":""Point"",""coordinates"":[76.35340186545311,9.934079338787154]}"
868,-0.02594362571835518,30.192402110000018,"{""type"":""Point"",""coordinates"":[76.24602916095046,9.887042899075078]}"
869,0.14821891486644745,34.87508951000001,"{""type"":""Point"",""coordinates"":[76.25943436774406,10.005887887438094]}"
870,0.21665622293949127,34.27522700000003,"{""type"":""Point"",""coordinates"":[76.26390943221475,9.99889833094628]}"
871,-0.026644138619303703,30.098406560000058,"{""type"":""Point"",""coordinates"":[76.26310821703655,9.97765478852615]}"
872,-0.008053947240114212,29.859145160000025,"{""type"":""Point"",""coordinates"":[76.22274160690365,9.821490876128781]}"
873,-0.023626048117876053,30.139422800000034,"{""type"":""Point"",""coordinates"":[76.26535032204309,9.817367487132795]}"
874,0.24734707176685333,34.96908506,"{""type"":""Point"",""coordinates"":[76.35890924367864,9.92885257866251]}"
875,-0.010137914679944515,29.74805951000002,"{""type"":""Point"",""coordinates"":[76.15401473103422,9.922978307433299]}"
876,0.3234354853630066,33.75739697000003,"{""type"":""Point"",""coordinates"":[76.31892259233936,9.810157769623837]}"
877,0.2328753024339676,32.89776494,"{""type"":""Point"",""coordinates"":[76.24436672056709,10.00711954940891]}"
878,0.18272092938423157,36.295276820000026,"{""type"":""Point"",""coordinates"":[76.31079750551106,9.977676790883793]}"
879,0.2925169765949249,32.220996979999995,"{""type"":""Point"",""coordinates"":[76.21168822436009,10.027842947316358]}"
880,-0.010314160026609898,29.725842380000017,"{""type"":""Point"",""coordinates"":[76.16594277906773,9.924511021365326]}"
881,-0.021611083298921585,29.840346050000022,"{""type"":""Point"",""coordinates"":[76.18118344993273,9.98924538016372]}"
882,0.32704535126686096,35.48349707000003,"{""type"":""Point"",""coordinates"":[76.31570929602843,9.933417008574336]}"
883,-0.0313832126557827,30.68117897000002,"{""type"":""Point"",""coordinates"":[76.24525265840727,10.049832007819244]}"
884,-0.024682240560650826,30.349631030000012,"{""type"":""Point"",""coordinates"":[76.24015372179777,10.02109920129277]}"
885,-0.006802936550229788,29.82154694000002,"{""type"":""Point"",""coordinates"":[76.1771315426334,9.836124395237958]}"
886,0.014376627281308174,34.618738010000015,"{""type"":""Point"",""coordinates"":[76.24589588138136,9.988158272006993]}"
887,0.12414620071649551,41.564154650000006,"{""type"":""Point"",""coordinates"":[76.39157504358147,9.933675439557055]}"
888,-0.014354090206325054,30.570093320000012,"{""type"":""Point"",""coordinates"":[76.26796502685944,9.995342492668135]}"
889,-0.0215596966445446,29.667736040000023,"{""type"":""Point"",""coordinates"":[76.17529947150814,9.9620839922505]}"
890,-0.026925312355160713,30.23170934000001,"{""type"":""Point"",""coordinates"":[76.27417955571788,9.898076768352709]}"
891,-0.009305905550718307,30.071062400000045,"{""type"":""Point"",""coordinates"":[76.20941532965938,9.86385000610806]}"
892,-0.012609018012881279,30.065935370000034,"{""type"":""Point"",""coordinates"":[76.2416939192619,9.842481597237228]}"
893,0.3079122304916382,34.52132444000006,"{""type"":""Point"",""coordinates"":[76.32260500638213,9.905587994995592]}"
894,-0.009846379049122334,29.840346049999994,"{""type"":""Point"",""coordinates"":[76.16745435354478,9.896988081324142]}"
895,-0.030701950192451477,31.00076384000002,"{""type"":""Point"",""coordinates"":[76.34606826047931,9.858110681855791]}"
896,-0.021326454356312752,30.947784530000007,"{""type"":""Point"",""coordinates"":[76.35076109710145,9.872855226624376]}"
897,0.2320001721382141,38.11537247000001,"{""type"":""Point"",""coordinates"":[76.35291315358657,9.987955679508572]}"
898,-0.007302981801331043,29.802747829999987,"{""type"":""Point"",""coordinates"":[76.21065478596196,9.8158868481201]}"
899,0.17645733058452606,37.36682609000002,"{""type"":""Point"",""coordinates"":[76.30043300217028,9.983060516508827]}"
900,0.2804687023162842,35.02377338000002,"{""type"":""Point"",""coordinates"":[76.34260241183641,9.825973587953614]}"
901,0.17687606811523438,35.01351932,"{""type"":""Point"",""coordinates"":[76.29390011976058,9.901353169185363]}"
902,-0.02226230315864086,30.130877750000025,"{""type"":""Point"",""coordinates"":[76.26825763198644,9.980917481655931]}"
903,0.31698620319366455,33.79670420000002,"{""type"":""Point"",""coordinates"":[76.37568953790513,9.947905614798636]}"
904,0.22414204478263855,35.868024320000046,"{""type"":""Point"",""coordinates"":[76.3900041719593,9.907219948813907]}"
905,-0.024994654580950737,31.54422901999999,"{""type"":""Point"",""coordinates"":[76.30337184968263,9.884455936963716]}"
906,-0.019275851547718048,30.867461059999982,"{""type"":""Point"",""coordinates"":[76.32951056156703,9.872978589040887]}"
907,0.1792326271533966,37.888074140000015,"{""type"":""Point"",""coordinates"":[76.30195164491518,10.032737821293134]}"
908,-0.008347106166183949,29.90870645000001,"{""type"":""Point"",""coordinates"":[76.18602223969782,9.873877846265833]}"
909,-0.02278117835521698,29.96510378000002,"{""type"":""Point"",""coordinates"":[76.18633993949196,10.002998232594049]}"
910,-0.01323753036558628,29.73096941,"{""type"":""Point"",""coordinates"":[76.17144310561932,9.908258404593129]}"
911,-0.0350784994661808,30.052263289999985,"{""type"":""Point"",""coordinates"":[76.19822744970715,9.978410055755935]}"
912,-0.021621285006403923,29.850600110000016,"{""type"":""Point"",""coordinates"":[76.18546433917325,9.948781110942932]}"
913,0.28070908784866333,34.398275720000015,"{""type"":""Point"",""coordinates"":[76.34497783487448,9.827090682871193]}"
914,0.2437317967414856,36.691767140000024,"{""type"":""Point"",""coordinates"":[76.35726980542509,9.975568716560508]}"
915,0.2728240489959717,35.46811597999999,"{""type"":""Point"",""coordinates"":[76.31455134865934,9.815095132956808]}"
916,0.29795074462890625,33.47199230000004,"{""type"":""Point"",""coordinates"":[76.29693659441563,9.819785295227707]}"
917,0.3423737585544586,33.71808973999998,"{""type"":""Point"",""coordinates"":[76.35292180416656,9.962080516704308]}"
918,0.2498631626367569,33.473701309999996,"{""type"":""Point"",""coordinates"":[76.32893207080213,9.830695087655638]}"
919,0.2990608215332031,37.03527815000001,"{""type"":""Point"",""coordinates"":[76.27440319129458,10.037136425186374]}"
920,-0.01782280020415783,29.65406396000003,"{""type"":""Point"",""coordinates"":[76.16088986746463,9.972803866518737]}"
921,0.16710114479064941,35.69370530000003,"{""type"":""Point"",""coordinates"":[76.33540624072513,9.945815440323274]}"
922,-0.02479858696460724,30.103533590000012,"{""type"":""Point"",""coordinates"":[76.23637183903864,9.909292301134103]}"
923,-0.033868998289108276,30.151385870000013,"{""type"":""Point"",""coordinates"":[76.25015063541227,9.89573895066434]}"
924,-0.01926513947546482,30.18043904000001,"{""type"":""Point"",""coordinates"":[76.23466127485985,9.904758869494232]}"
925,0.21826814115047455,34.71273356000006,"{""type"":""Point"",""coordinates"":[76.27724467772235,9.798643919075708]}"
926,-0.01968235895037651,30.05055428000003,"{""type"":""Point"",""coordinates"":[76.22401087809153,9.922761543954117]}"
927,0.3110368847846985,33.52668061999998,"{""type"":""Point"",""coordinates"":[76.3289513532704,9.91227278482169]}"
928,0.09427331387996674,39.55264987999999,"{""type"":""Point"",""coordinates"":[76.25000557013459,9.961864700075944]}"
929,0.17962168157100677,37.09167547999999,"{""type"":""Point"",""coordinates"":[76.2244599250071,10.02764185697033]}"
930,0.2581307888031006,32.09282123000003,"{""type"":""Point"",""coordinates"":[76.28984548917819,9.85442568738691]}"
931,-0.03770045191049576,30.07789844000004,"{""type"":""Point"",""coordinates"":[76.20070918795584,10.03634843905895]}"
932,0.12677209079265594,35.96372888000002,"{""type"":""Point"",""coordinates"":[76.2292560881728,9.977505546550148]}"
933,-0.021898303180933,29.946304670000018,"{""type"":""Point"",""coordinates"":[76.17557924587257,9.98550905098306]}"
934,0.1545807123184204,37.52918204000002,"{""type"":""Point"",""coordinates"":[76.2462560837653,9.968107199429218]}"
935,-0.03135059028863907,30.293233700000002,"{""type"":""Point"",""coordinates"":[76.26709518812588,9.83003482316696]}"
936,0.02519999071955681,31.66044169999998,"{""type"":""Point"",""coordinates"":[76.32442818879892,9.92515802692268]}"
937,-0.025258906185626984,30.088152500000007,"{""type"":""Point"",""coordinates"":[76.22689997415048,9.9227371319224]}"
938,0.3683353364467621,35.27670685999999,"{""type"":""Point"",""coordinates"":[76.3882219831508,9.919107084282267]}"
939,-0.00826724898070097,30.028337150000027,"{""type"":""Point"",""coordinates"":[76.2095183589894,9.862780725700517]}"
940,0.1617368459701538,36.3431291,"{""type"":""Point"",""coordinates"":[76.33421490454074,9.966290337886534]}"
941,-0.021366596221923828,31.824506660000026,"{""type"":""Point"",""coordinates"":[76.34840525484307,9.840133707456474]}"
942,-0.009624608792364597,29.86598120000002,"{""type"":""Point"",""coordinates"":[76.17814191272991,9.89417551410117]}"
943,0.25626271963119507,34.97421209000001,"{""type"":""Point"",""coordinates"":[76.35915467174674,9.943624350724475]}"
944,-0.02682594396173954,30.05909933000001,"{""type"":""Point"",""coordinates"":[76.1965188900452,10.018502495689555]}"
945,0.2849280834197998,34.92635981000001,"{""type"":""Point"",""coordinates"":[76.33864078650107,9.834238173111823]}"
946,-0.006460188422352076,29.888198330000023,"{""type"":""Point"",""coordinates"":[76.22166991486385,9.821572500662949]}"
947,0.2398572862148285,34.38802165999999,"{""type"":""Point"",""coordinates"":[76.36909845347333,9.967423533973212]}"
948,0.29447656869888306,33.50617250000005,"{""type"":""Point"",""coordinates"":[76.36214546450331,9.836144091841089]}"
949,-0.02702510356903076,30.004411010000013,"{""type"":""Point"",""coordinates"":[76.23974739290823,9.910525539443157]}"
950,-0.008267838507890701,29.966812790000034,"{""type"":""Point"",""coordinates"":[76.18282728473218,9.88161692198177]}"
951,-0.01993522234261036,30.17189399,"{""type"":""Point"",""coordinates"":[76.27009798375857,9.981257240961158]}"
952,0.24602010846138,34.777675939999995,"{""type"":""Point"",""coordinates"":[76.33661291927623,10.010900512464461]}"
953,-0.03323536366224289,30.498314900000025,"{""type"":""Point"",""coordinates"":[76.34787146238328,9.886058583274496]}"
954,0.13689783215522766,40.68230549000003,"{""type"":""Point"",""coordinates"":[76.31060076627263,10.04737946596541]}"
955,0.24759845435619354,38.323871690000004,"{""type"":""Point"",""coordinates"":[76.329734533732,10.046326415829702]}"
956,0.24046236276626587,34.63411910000002,"{""type"":""Point"",""coordinates"":[76.31323008456114,9.824770017033337]}"
957,0.10140236467123032,32.121874400000024,"{""type"":""Point"",""coordinates"":[76.33332239467528,9.900246543203364]}"
958,0.19694745540618896,37.56678026000003,"{""type"":""Point"",""coordinates"":[76.3441466926675,9.9416211697045]}"
959,0.0994202196598053,38.92544321,"{""type"":""Point"",""coordinates"":[76.25490800745266,9.951265505661004]}"
960,0.1661488115787506,37.96327058000003,"{""type"":""Point"",""coordinates"":[76.29590007009715,9.947053523741301]}"
961,0.09080884605646133,39.19546679000001,"{""type"":""Point"",""coordinates"":[76.2583792113784,9.942332312255706]}"
962,-0.014263532124459743,30.320577860000043,"{""type"":""Point"",""coordinates"":[76.23391854505824,9.875605431858755]}"
963,0.18826788663864136,35.99449106000003,"{""type"":""Point"",""coordinates"":[76.34562376946757,9.936618961237375]}"
964,0.26520171761512756,37.050659240000016,"{""type"":""Point"",""coordinates"":[76.331125427675,10.028656908361757]}"
965,-0.01981584168970585,29.987320909999994,"{""type"":""Point"",""coordinates"":[76.1752486532792,10.024528010742895]}"
966,0.2990387976169586,35.037445460000015,"{""type"":""Point"",""coordinates"":[76.30953733683752,9.84983284191589]}"
967,-0.025852706283330917,29.876235260000016,"{""type"":""Point"",""coordinates"":[76.1864999386359,9.991335339833851]}"
968,0.07507044076919556,40.068770900000004,"{""type"":""Point"",""coordinates"":[76.24935445625434,9.967361722473198]}"
969,0.2365499883890152,37.05749528000001,"{""type"":""Point"",""coordinates"":[76.39924092663095,9.907146032587216]}"
970,0.10315848886966705,34.17610442,"{""type"":""Point"",""coordinates"":[76.28893824174834,9.889417586080803]}"
971,0.2766380310058594,34.17097739000002,"{""type"":""Point"",""coordinates"":[76.34940172999677,9.868406349824829]}"
972,-0.03141653537750244,30.83669888,"{""type"":""Point"",""coordinates"":[76.27347583944565,9.869111925007847]}"
973,0.31542786955833435,36.12950285000005,"{""type"":""Point"",""coordinates"":[76.34141630655449,10.038589331327476]}"
974,0.2742222249507904,36.315784940000015,"{""type"":""Point"",""coordinates"":[76.33085647194889,10.031051751654868]}"
975,0.32945024967193604,33.50104547000004,"{""type"":""Point"",""coordinates"":[76.33119255409139,9.834924995563084]}"
976,-0.020974261686205864,29.910415460000024,"{""type"":""Point"",""coordinates"":[76.17272332966328,10.01476737123745]}"
977,-0.02222384698688984,30.14284082000006,"{""type"":""Point"",""coordinates"":[76.1905757993724,9.990132025861795]}"
978,0.11365010589361191,38.31532664000002,"{""type"":""Point"",""coordinates"":[76.28943394860808,10.011383366234222]}"
979,-0.007982723414897919,29.905288430000013,"{""type"":""Point"",""coordinates"":[76.18428180422906,9.88319961321777]}"
980,0.28518083691596985,34.312825220000036,"{""type"":""Point"",""coordinates"":[76.35024721613942,9.863664619521973]}"
981,0.10570624470710754,37.27624856,"{""type"":""Point"",""coordinates"":[76.30123745795846,9.966903555170058]}"
982,-0.036242853850126266,29.920669520000047,"{""type"":""Point"",""coordinates"":[76.20208446180784,10.01840752769741]}"
983,0.2626304030418396,34.14192422000002,"{""type"":""Point"",""coordinates"":[76.33768913525468,9.822586974109663]}"
984,0.23778948187828064,35.95347482,"{""type"":""Point"",""coordinates"":[76.31911501956625,9.977749781493443]}"
985,0.16710114479064941,35.69370530000003,"{""type"":""Point"",""coordinates"":[76.33539148844311,9.945729544166813]}"
986,-0.009894783608615398,29.768567630000007,"{""type"":""Point"",""coordinates"":[76.1421113678809,9.946079353556176]}"
987,-0.01628173515200615,29.85230912,"{""type"":""Point"",""coordinates"":[76.25279324729678,9.799943063995258]}"
988,0.11610963195562363,35.339940230000025,"{""type"":""Point"",""coordinates"":[76.26322639156558,9.999955991174748]}"
989,-0.017824487760663033,29.88648932000001,"{""type"":""Point"",""coordinates"":[76.16335546458839,9.963135440004141]}"
990,-0.03990911692380905,31.007599880000043,"{""type"":""Point"",""coordinates"":[76.25679835227666,9.893972246001477]}"
991,-0.01238249707967043,29.80958387000001,"{""type"":""Point"",""coordinates"":[76.17472183512129,9.931374521010703]}"
992,0.020638423040509224,30.981964730000016,"{""type"":""Point"",""coordinates"":[76.24352551272906,9.981261088811923]}"
993,-0.012789251282811165,29.47290890000002,"{""type"":""Point"",""coordinates"":[76.15720148470736,9.98478007471497]}"
994,0.1164768785238266,36.17564612000001,"{""type"":""Point"",""coordinates"":[76.3268577969156,9.912543403226445]}"
995,0.23901605606079102,37.14294577999999,"{""type"":""Point"",""coordinates"":[76.28435254477061,9.945421018216086]}"
996,-0.034712471067905426,30.43679054000006,"{""type"":""Point"",""coordinates"":[76.20749499504065,9.954120147084673]}"
997,-0.00961998663842678,29.97877586000004,"{""type"":""Point"",""coordinates"":[76.16343330028936,9.848879262412835]}"
998,-0.011553599499166012,30.035173190000023,"{""type"":""Point"",""coordinates"":[76.23832188583215,9.838147113464583]}"
999,-0.010391900315880775,30.083025470000052,"{""type"":""Point"",""coordinates"":[76.22446448543025,9.858232775579259]}"
1000,-0.009227343834936619,30.100115570000014,"{""type"":""Point"",""coordinates"":[76.21331010983477,9.856046002690361]}"
1001,0.24679477512836456,33.32501744000001,"{""type"":""Point"",""coordinates"":[76.32326663895827,9.83698521130205]}"
1002,0.03579767793416977,31.380164060000027,"{""type"":""Point"",""coordinates"":[76.33545105128175,9.929564596421358]}"
1003,0.023429235443472862,31.25027929999999,"{""type"":""Point"",""coordinates"":[76.32903309622081,9.817790276251955]}"
1004,-0.018694192171096802,30.091570520000005,"{""type"":""Point"",""coordinates"":[76.22221336553253,9.92223641855898]}"
1005,-0.0286696944385767,30.035173189999995,"{""type"":""Point"",""coordinates"":[76.23632324373851,9.91879873491454]}"
1006,-0.015267047099769115,30.067644380000047,"{""type"":""Point"",""coordinates"":[76.25450032253741,9.83162466331939]}"
1007,0.06627514213323593,36.53112020000003,"{""type"":""Point"",""coordinates"":[76.30184954257297,10.015608016174493]}"
1008,-0.038527850061655045,30.303487760000024,"{""type"":""Point"",""coordinates"":[76.1996992895835,10.0424305373912]}"
1009,-0.028572138398885727,29.780530700000014,"{""type"":""Point"",""coordinates"":[76.23836951905751,9.919379648114074]}"
1010,0.2071431279182434,35.387792510000025,"{""type"":""Point"",""coordinates"":[76.30551121398841,10.056909716875762]}"
1011,-0.017740046605467796,29.760022580000026,"{""type"":""Point"",""coordinates"":[76.18412518283807,9.925195663881867]}"
1012,0.16640999913215637,37.23865034000005,"{""type"":""Point"",""coordinates"":[76.33084447117324,10.017054318162735]}"
1013,-0.027981748804450035,30.476097770000024,"{""type"":""Point"",""coordinates"":[76.34913458505275,9.89606303833344]}"
1014,-0.01066912617534399,30.00782903000001,"{""type"":""Point"",""coordinates"":[76.20372015629471,9.899252980203814]}"
1015,-0.036918867379426956,30.334249940000007,"{""type"":""Point"",""coordinates"":[76.2222845268664,9.9602164818258]}"
1016,-0.004739448428153992,31.875776960000053,"{""type"":""Point"",""coordinates"":[76.22760968489942,10.049143717599955]}"
1017,-0.010575047694146633,31.298131580000017,"{""type"":""Point"",""coordinates"":[76.27955958151931,9.92944972458721]}"
1018,0.274079829454422,34.62044702000003,"{""type"":""Point"",""coordinates"":[76.22305117615942,10.000379394086485]}"
1019,0.2512032091617584,36.025253239999984,"{""type"":""Point"",""coordinates"":[76.33968052793387,9.965529794774882]}"
1020,-0.012473032809793949,30.30177875000004,"{""type"":""Point"",""coordinates"":[76.23646382278054,9.864962555618087]}"
1021,-0.0065785679034888744,29.901870410000015,"{""type"":""Point"",""coordinates"":[76.18197690170456,9.84685976279209]}"
1022,-0.020601170137524605,31.034944040000028,"{""type"":""Point"",""coordinates"":[76.24669796954466,10.026943509147218]}"
1023,-0.03178666904568672,30.11549666000002,"{""type"":""Point"",""coordinates"":[76.19826671626802,9.98931464427663]}"
1024,0.14289626479148865,31.535683970000008,"{""type"":""Point"",""coordinates"":[76.34162567839581,9.920738465115098]}"
1025,0.008637124672532082,30.72048620000004,"{""type"":""Point"",""coordinates"":[76.27405927861658,9.856412121582501]}"
1026,-0.018300067633390427,31.530556940000025,"{""type"":""Point"",""coordinates"":[76.29206392262707,9.933082687331584]}"
1027,-0.0102292001247406,29.669445050000007,"{""type"":""Point"",""coordinates"":[76.1455771591635,9.907358446929404]}"
1028,-0.012358022853732109,30.12062369000006,"{""type"":""Point"",""coordinates"":[76.2162296665874,9.897978210932468]}"
1029,0.2122879922389984,36.17564612000001,"{""type"":""Point"",""coordinates"":[76.35595943231219,9.961034820120009]}"
1030,-0.0085322679951787,29.638682870000025,"{""type"":""Point"",""coordinates"":[76.16166668953697,9.924999649903109]}"
1031,0.2507840692996979,36.41832554000001,"{""type"":""Point"",""coordinates"":[76.37595431885696,9.925524225277565]}"
1032,0.22485773265361786,35.382665480000014,"{""type"":""Point"",""coordinates"":[76.30156017598395,9.938361743756646]}"
1033,0.11174911260604858,56.21207936000002,"{""type"":""Point"",""coordinates"":[76.23169126496389,10.039474631461697]}"
1034,0.2790449857711792,34.336751359999994,"{""type"":""Point"",""coordinates"":[76.35411749544406,9.841706174427912]}"
1035,-0.017147887498140335,30.563257280000016,"{""type"":""Point"",""coordinates"":[76.26144406803861,9.985834747295748]}"
1036,0.29471176862716675,33.513008540000016,"{""type"":""Point"",""coordinates"":[76.38384667808485,9.885490991353999]}"
1037,0.287945032119751,34.96224902000006,"{""type"":""Point"",""coordinates"":[76.36147375644232,10.00423432328955]}"
1038,-0.009368272498250008,29.879653280000042,"{""type"":""Point"",""coordinates"":[76.16769664425213,9.891336310316527]}"
1039,0.09187965095043182,32.40898808000003,"{""type"":""Point"",""coordinates"":[76.28081307314112,9.813329044780355]}"
1040,-0.011267781257629395,29.758313569999984,"{""type"":""Point"",""coordinates"":[76.14549101791238,9.967698280012309]}"
1041,-0.0257292278110981,30.173603000000043,"{""type"":""Point"",""coordinates"":[76.2633066629085,9.826009462099327]}"
1042,0.27171826362609863,34.97933912000002,"{""type"":""Point"",""coordinates"":[76.3915227143156,9.882719124971015]}"
1043,-0.015370656736195087,30.518823020000013,"{""type"":""Point"",""coordinates"":[76.32133647792625,9.873037816828017]}"
1044,0.23862464725971222,35.99107304000006,"{""type"":""Point"",""coordinates"":[76.34823113463733,9.938273938393369]}"
1045,0.16285540163516998,37.13610974000002,"{""type"":""Point"",""coordinates"":[76.30492434170147,9.948397744372228]}"
1046,0.27321332693099976,33.174624559999984,"{""type"":""Point"",""coordinates"":[76.3538185290201,9.847689148923045]}"
1047,0.3008250594139099,35.42368171999999,"{""type"":""Point"",""coordinates"":[76.37789867977303,9.936018303881498]}"
1048,-0.009403964504599571,30.959747600000014,"{""type"":""Point"",""coordinates"":[76.34026394611469,9.898680549972646]}"
1049,-0.009466338902711868,29.997574970000016,"{""type"":""Point"",""coordinates"":[76.15545187648773,9.878392784718695]}"
1050,0.33072322607040405,33.15411644000005,"{""type"":""Point"",""coordinates"":[76.31468519677195,9.875296917808532]}"
1051,-0.030138064175844193,30.26247152000002,"{""type"":""Point"",""coordinates"":[76.20616902215185,9.94089380491378]}"
1052,-0.013584442436695099,30.043718240000032,"{""type"":""Point"",""coordinates"":[76.3427944660236,9.905779191723878]}"
1053,-0.011762663722038269,30.173603000000014,"{""type"":""Point"",""coordinates"":[76.21745116744434,9.862684096958576]}"
1054,0.3989183008670807,32.93194514000004,"{""type"":""Point"",""coordinates"":[76.35691689271844,9.944986165503826]}"
1055,0.28338804841041565,34.80160208000001,"{""type"":""Point"",""coordinates"":[76.25749106259438,10.029401687662757]}"
1056,-0.024627821519970894,29.876235260000016,"{""type"":""Point"",""coordinates"":[76.18574044476313,9.980465267649745]}"
1057,-0.0018471935763955116,32.925109099999986,"{""type"":""Point"",""coordinates"":[76.28696236699416,9.922429243702695]}"
1058,0.3252018392086029,33.15411644000005,"{""type"":""Point"",""coordinates"":[76.23186846833337,9.997189484399906]}"
1059,0.31629490852355957,33.94197005000001,"{""type"":""Point"",""coordinates"":[76.22809252741477,9.992896216216467]}"
1060,-0.008932434022426605,29.474617910000006,"{""type"":""Point"",""coordinates"":[76.1434751369576,9.97936591816053]}"
1061,-0.010472220368683338,29.75318654000003,"{""type"":""Point"",""coordinates"":[76.1718616491681,9.923666620073789]}"
1062,0.28328680992126465,35.66636113999999,"{""type"":""Point"",""coordinates"":[76.31557851794385,9.952983584926583]}"
1063,-0.02559344843029976,33.642893300000026,"{""type"":""Point"",""coordinates"":[76.21691791163781,10.003310153808757]}"
1064,-0.03647153079509735,30.000992990000043,"{""type"":""Point"",""coordinates"":[76.24875782788807,9.913689950480533]}"
1065,0.2192297875881195,39.26895422000001,"{""type"":""Point"",""coordinates"":[76.3826643689445,9.964024633169974]}"
1066,0.2487184852361679,37.71204611000002,"{""type"":""Point"",""coordinates"":[76.39201339087934,9.934506970931821]}"
1067,-0.016152525320649147,30.67605193999998,"{""type"":""Point"",""coordinates"":[76.25252634748058,10.037033294950744]}"
1068,-0.013629320077598095,32.23296005000003,"{""type"":""Point"",""coordinates"":[76.27741872511612,9.974114410882073]}"
1069,0.21089251339435577,37.23352331000001,"{""type"":""Point"",""coordinates"":[76.29570059755909,9.9548671680193]}"
1070,0.19047585129737854,36.91393844000004,"{""type"":""Point"",""coordinates"":[76.31564317734967,10.001266140281125]}"
1071,0.10388270765542984,37.21130618000001,"{""type"":""Point"",""coordinates"":[76.31664965505088,10.005350416589932]}"
1072,0.20867764949798584,34.59993890000004,"{""type"":""Point"",""coordinates"":[76.29554018280253,10.061225859595119]}"
1073,0.41847845911979675,34.06672778000001,"{""type"":""Point"",""coordinates"":[76.3618940458069,10.019150107704721]}"
1074,-0.011201169341802597,29.893325360000006,"{""type"":""Point"",""coordinates"":[76.18485772833259,9.899556547150032]}"
1075,-0.029357176274061203,30.821317790000023,"{""type"":""Point"",""coordinates"":[76.27966034396242,9.899036729201086]}"
1076,0.28573572635650635,34.593102860000045,"{""type"":""Point"",""coordinates"":[76.368622117427,9.923607505339277]}"
1077,-0.029119886457920074,30.091570520000005,"{""type"":""Point"",""coordinates"":[76.22918455295374,9.94339880154209]}"
1078,0.12011875212192535,38.14442564000004,"{""type"":""Point"",""coordinates"":[76.28106055111553,9.921308250111814]}"
1079,-0.0073952157981693745,30.002702000000028,"{""type"":""Point"",""coordinates"":[76.19495169217323,9.819093376962815]}"
1080,-0.03293657675385475,30.021501110000003,"{""type"":""Point"",""coordinates"":[76.1977239691311,9.977449057023273]}"
1081,0.2165490984916687,37.17028994,"{""type"":""Point"",""coordinates"":[76.22097941886653,9.989658740362803]}"
1082,0.21211135387420654,37.24548637999999,"{""type"":""Point"",""coordinates"":[76.38848090356582,9.93380526617375]}"
1083,-0.027202744036912918,30.696560060000024,"{""type"":""Point"",""coordinates"":[76.25919978413087,9.964152263736537]}"
1084,0.255607545375824,31.80399854000001,"{""type"":""Point"",""coordinates"":[76.25087389388644,10.006288626704993]}"
1085,-0.012220232747495174,30.03859121000005,"{""type"":""Point"",""coordinates"":[76.24006532793827,9.850375672258508]}"
1086,-0.017828267067670822,30.248799440000028,"{""type"":""Point"",""coordinates"":[76.21658815232146,9.92410772225746]}"
1087,0.24528861045837402,35.845807190000016,"{""type"":""Point"",""coordinates"":[76.31024106286145,9.925879995408849]}"
1088,0.3252890706062317,33.20880476000002,"{""type"":""Point"",""coordinates"":[76.38383883553855,9.886454581395038]}"
1089,0.299781858921051,36.61657070000004,"{""type"":""Point"",""coordinates"":[76.32539376748419,10.046952789364356]}"
1090,-0.010019849054515362,30.173603000000014,"{""type"":""Point"",""coordinates"":[76.19620228458395,9.884108780577883]}"
1091,0.06083189696073532,30.098406560000058,"{""type"":""Point"",""coordinates"":[76.33679167473363,9.90820221654224]}"
1092,0.2936379015445709,33.42072200000001,"{""type"":""Point"",""coordinates"":[76.36133673042013,9.834356576356358]}"
1093,-0.004752639681100845,30.69826907000001,"{""type"":""Point"",""coordinates"":[76.34265181919793,9.914526995051505]}"
1094,0.20212185382843018,36.389272370000015,"{""type"":""Point"",""coordinates"":[76.33747549151067,10.03445027792666]}"
1095,0.32627010345458984,34.31111621000002,"{""type"":""Point"",""coordinates"":[76.386609834677,9.894453893384766]}"
1096,0.20588615536689758,36.173937110000026,"{""type"":""Point"",""coordinates"":[76.38913411079135,9.968163053694186]}"
1097,0.1438918262720108,37.66419382999999,"{""type"":""Point"",""coordinates"":[76.35863563285768,9.960135968590624]}"
1098,0.19489410519599915,36.83190596,"{""type"":""Point"",""coordinates"":[76.34987174660604,9.93986360195661]}"
1099,0.21553748846054077,32.46196739000004,"{""type"":""Point"",""coordinates"":[76.26934851874306,9.851072599889926]}"
1100,-0.0328524075448513,30.30519677000001,"{""type"":""Point"",""coordinates"":[76.26437685035111,9.838550288193321]}"
1101,-0.027109529823064804,30.62136362000001,"{""type"":""Point"",""coordinates"":[76.28702160232017,9.836309057051807]}"
1102,-0.012452336959540844,30.33595895000002,"{""type"":""Point"",""coordinates"":[76.22875709674088,9.875550404994604]}"
1103,-0.020141610875725746,29.741223470000023,"{""type"":""Point"",""coordinates"":[76.18150321643465,10.032407042916104]}"
1104,-0.01514519564807415,29.58570356000004,"{""type"":""Point"",""coordinates"":[76.15814988360236,9.990634633407549]}"
1105,-0.03260160610079765,30.096697550000016,"{""type"":""Point"",""coordinates"":[76.24876580720237,9.894829336161635]}"
1106,0.007810634095221758,31.09988642000002,"{""type"":""Point"",""coordinates"":[76.2520605687212,10.015815368475375]}"
1107,-0.032315634191036224,29.954849720000027,"{""type"":""Point"",""coordinates"":[76.22781739571356,9.93381700444396]}"
1108,-0.00291927857324481,31.140902659999995,"{""type"":""Point"",""coordinates"":[76.37753171805753,9.861592144197358]}"
1109,-0.014458458870649338,30.158221910000037,"{""type"":""Point"",""coordinates"":[76.22639197937278,9.903422214408764]}"
1110,-0.010208276100456715,30.076189430000028,"{""type"":""Point"",""coordinates"":[76.18326912140097,9.895048687731284]}"
1111,0.27514976263046265,34.263263929999994,"{""type"":""Point"",""coordinates"":[76.3638781397706,9.905037575160623]}"
1112,0.1551884263753891,40.43791706000002,"{""type"":""Point"",""coordinates"":[76.3746905030698,9.97673951983538]}"
1113,0.16452829539775848,32.05351400000001,"{""type"":""Point"",""coordinates"":[76.31849315978006,9.889523508651031]}"
1114,-0.03648744523525238,30.006120020000026,"{""type"":""Point"",""coordinates"":[76.19970773857318,9.974629597014738]}"
1115,-0.006245837081223726,31.30838564000001,"{""type"":""Point"",""coordinates"":[76.23593067127997,10.036690415096963]}"
1116,0.35258498787879944,34.748622770000054,"{""type"":""Point"",""coordinates"":[76.2365107856295,9.982481117786513]}"
1117,0.10254951566457748,38.15809772,"{""type"":""Point"",""coordinates"":[76.30632623100003,10.027468558290256]}"
1118,-0.008226269856095314,31.01785394000001,"{""type"":""Point"",""coordinates"":[76.2498051560094,10.040484001733603]}"
1119,0.2574257254600525,39.14761451000004,"{""type"":""Point"",""coordinates"":[76.28675670282827,9.959450360244627]}"
1120,-0.017732571810483932,30.117205670000004,"{""type"":""Point"",""coordinates"":[76.2291945648152,9.9130058516674]}"
1121,-0.018478423357009888,30.252217459999997,"{""type"":""Point"",""coordinates"":[76.2609005280819,9.907586019352738]}"
1122,0.0710323378443718,35.27328884000002,"{""type"":""Point"",""coordinates"":[76.27218461154463,9.99614812982076]}"
1123,0.03608711436390877,32.05693201999998,"{""type"":""Point"",""coordinates"":[76.29171712054132,9.851888509554058]}"
1124,0.09540564566850662,38.48622764000001,"{""type"":""Point"",""coordinates"":[76.34626491230449,9.944025652095899]}"
1125,-0.008479859679937363,29.86085417000004,"{""type"":""Point"",""coordinates"":[76.17789039174772,9.884747600010645]}"
1126,-0.02231607213616371,29.831801000000013,"{""type"":""Point"",""coordinates"":[76.18024559082897,9.98179981682996]}"
1127,-0.026579294353723526,30.58718342000003,"{""type"":""Point"",""coordinates"":[76.29877485705356,9.923836315825788]}"
1128,-0.007728096563369036,29.91725150000002,"{""type"":""Point"",""coordinates"":[76.18305543958006,9.837140368522324]}"
1129,0.2599503993988037,34.59481187,"{""type"":""Point"",""coordinates"":[76.29877969344128,9.829642540837495]}"
1130,0.08127107471227646,39.41934709999998,"{""type"":""Point"",""coordinates"":[76.25561149020194,9.940970079579374]}"
1131,0.32538488507270813,33.473701309999996,"{""type"":""Point"",""coordinates"":[76.34835874393846,9.987226414006525]}"
1132,-0.03943353146314621,30.200947160000027,"{""type"":""Point"",""coordinates"":[76.21067363678237,9.975327357389402]}"
1133,-0.04142196476459503,30.26247152000002,"{""type"":""Point"",""coordinates"":[76.20518439976816,9.971194187743361]}"
1134,-0.026161203160881996,30.187275080000006,"{""type"":""Point"",""coordinates"":[76.1914096223435,9.948447098006353]}"
1135,0.18950779736042023,36.87292220000003,"{""type"":""Point"",""coordinates"":[76.28994230105316,10.002820001226144]}"
1136,-0.006956877652555704,29.865981199999993,"{""type"":""Point"",""coordinates"":[76.17094775841112,9.855416607837613]}"
1137,-0.010686537250876427,30.153094880000026,"{""type"":""Point"",""coordinates"":[76.20610950346334,9.884881338656145]}"
1138,-0.028653936460614204,30.243672410000016,"{""type"":""Point"",""coordinates"":[76.23737536882246,9.943472039000005]}"
1139,0.228181391954422,34.449546020000014,"{""type"":""Point"",""coordinates"":[76.21572719906871,10.037457363285535]}"
1140,0.1399248093366623,38.272601390000005,"{""type"":""Point"",""coordinates"":[76.28238124842488,9.912349450976151]}"
1141,0.20366251468658447,34.63411910000002,"{""type"":""Point"",""coordinates"":[76.29857295237213,9.871953432116939]}"
1142,0.17601332068443298,36.92419250000003,"{""type"":""Point"",""coordinates"":[76.30556939477785,9.950287248068248]}"
1143,0.10716448724269867,37.313846780000006,"{""type"":""Point"",""coordinates"":[76.24028695872079,9.957609216731203]}"
1144,0.3017885684967041,34.760585839999976,"{""type"":""Point"",""coordinates"":[76.3061751788646,9.843278238288454]}"
1145,-0.031235115602612495,30.286397660000006,"{""type"":""Point"",""coordinates"":[76.31990970679507,9.877482731780068]}"
1146,-0.031230110675096512,30.368430140000015,"{""type"":""Point"",""coordinates"":[76.27911272244977,9.838264150340153]}"
1147,-0.007907811552286148,29.842055060000035,"{""type"":""Point"",""coordinates"":[76.17853259272545,9.883763933257134]}"
1148,0.2780645191669464,34.986175160000016,"{""type"":""Point"",""coordinates"":[76.3721597942684,9.92440122892947]}"
1149,-0.01800251565873623,30.81960878000001,"{""type"":""Point"",""coordinates"":[76.35389193977136,9.900372755118052]}"
1150,0.0031444982159882784,30.865752049999998,"{""type"":""Point"",""coordinates"":[76.25912435909166,10.057604084124945]}"
1151,0.03690525144338608,32.60381522,"{""type"":""Point"",""coordinates"":[76.33783769170046,9.889552910746998]}"
1152,-0.020531203597784042,29.90357942,"{""type"":""Point"",""coordinates"":[76.17849117202732,10.019153935346383]}"
1153,0.2693634629249573,34.97592110000005,"{""type"":""Point"",""coordinates"":[76.33216874648484,10.022903411859028]}"
1154,-0.03028355911374092,30.255635480000024,"{""type"":""Point"",""coordinates"":[76.23549840073407,9.947218918282525]}"
1155,-0.032412055879831314,30.701687090000007,"{""type"":""Point"",""coordinates"":[76.28031772348587,9.833135851493129]}"
1156,-0.02829872816801071,29.96510378000005,"{""type"":""Point"",""coordinates"":[76.21666269444894,9.93924122251245]}"
1157,0.13671310245990753,38.17518782000002,"{""type"":""Point"",""coordinates"":[76.26339794177457,9.936802927844562]}"
1158,-0.018177339807152748,29.85572714,"{""type"":""Point"",""coordinates"":[76.17864615162202,9.941246460139059]}"
1159,-0.03794015198945999,31.029817009999988,"{""type"":""Point"",""coordinates"":[76.34557062413188,9.843462331313033]}"
1160,0.08329179137945175,42.44771281999999,"{""type"":""Point"",""coordinates"":[76.27363492456907,9.96354200639752]}"
1161,-0.027002708986401558,30.7375763,"{""type"":""Point"",""coordinates"":[76.37168189068984,9.865606461332833]}"
1162,-0.03183155879378319,30.812772740000014,"{""type"":""Point"",""coordinates"":[76.35793635659361,9.873383986080238]}"
1163,-0.007337454706430435,29.910415460000024,"{""type"":""Point"",""coordinates"":[76.19818620615561,9.860530829699922]}"
1164,-0.01897420920431614,30.67263392000001,"{""type"":""Point"",""coordinates"":[76.34308963090452,9.90075309382169]}"
1165,0.20165479183197021,35.32626815000003,"{""type"":""Point"",""coordinates"":[76.36090626132992,9.956475977654009]}"
1166,0.3204745948314667,34.282063040000025,"{""type"":""Point"",""coordinates"":[76.36408545451836,9.939826036193367]}"
1167,0.26913750171661377,33.608713100000045,"{""type"":""Point"",""coordinates"":[76.2536753785034,10.022666297652316]}"
1168,-0.022878054529428482,29.87452625000003,"{""type"":""Point"",""coordinates"":[76.18504135023537,10.013301103017346]}"
1169,0.15851809084415436,37.953016520000006,"{""type"":""Point"",""coordinates"":[76.29796470681183,9.954414253811327]}"
1170,-0.007086299359798431,29.992447940000005,"{""type"":""Point"",""coordinates"":[76.19813498025887,9.846227498364087]}"
1171,0.15742860734462738,36.380727320000005,"{""type"":""Point"",""coordinates"":[76.2659952332634,9.986503552743146]}"
1172,0.22444672882556915,36.58239050000003,"{""type"":""Point"",""coordinates"":[76.28964806515172,10.053291686727517]}"
1173,-0.009296644479036331,29.789075750000023,"{""type"":""Point"",""coordinates"":[76.15936143066723,9.919223978250395]}"
1174,-0.03467873856425285,30.300069740000026,"{""type"":""Point"",""coordinates"":[76.21512235478583,9.977663022220197]}"
1175,-0.00908720213919878,30.069353390000032,"{""type"":""Point"",""coordinates"":[76.1913199306453,9.871974722967515]}"
1176,0.20711611211299896,35.456152910000014,"{""type"":""Point"",""coordinates"":[76.33749816520914,9.957203542656629]}"
1177,-0.011408906430006027,30.136004780000007,"{""type"":""Point"",""coordinates"":[76.24149166490211,9.833640923901664]}"
1178,-0.028505712747573853,29.855727140000027,"{""type"":""Point"",""coordinates"":[76.19482878105057,10.03092386850831]}"
1179,0.3004959225654602,36.24742454,"{""type"":""Point"",""coordinates"":[76.39937860628379,9.915618867774526]}"
1180,0.21986430883407593,36.52941119000002,"{""type"":""Point"",""coordinates"":[76.30855819511608,10.038038584201521]}"
1181,0.281039297580719,33.43439408000006,"{""type"":""Point"",""coordinates"":[76.38294378338578,9.884098859142428]}"
1182,0.317719042301178,33.58820498,"{""type"":""Point"",""coordinates"":[76.34296707417124,9.969326590867437]}"
1183,0.2482374608516693,34.593102860000045,"{""type"":""Point"",""coordinates"":[76.40088964934539,9.917732368338163]}"
1184,-0.03041863813996315,30.635035700000003,"{""type"":""Point"",""coordinates"":[76.34696606417025,9.856467888044447]}"
1185,-0.029259873554110527,30.09498854000003,"{""type"":""Point"",""coordinates"":[76.21681397371025,9.941204215675075]}"
1186,-0.03076126053929329,29.75318654000003,"{""type"":""Point"",""coordinates"":[76.24216402527577,9.921242426845632]}"
1187,0.12574541568756104,38.59560428000003,"{""type"":""Point"",""coordinates"":[76.27964580768139,10.0039121279524]}"
1188,0.2450587898492813,34.50423434000004,"{""type"":""Point"",""coordinates"":[76.383683003341,9.995113936012377]}"
1189,0.21067142486572266,36.30211286000002,"{""type"":""Point"",""coordinates"":[76.36230881896104,10.002603545561277]}"
1190,-0.015773823484778404,29.831801000000013,"{""type"":""Point"",""coordinates"":[76.19217614624733,9.925091277111832]}"
1191,-0.031569719314575195,29.918960510000005,"{""type"":""Point"",""coordinates"":[76.19378596410402,10.035222983246966]}"
1192,0.22396305203437805,35.07846170000005,"{""type"":""Point"",""coordinates"":[76.31227558682912,9.82857675169532]}"
1193,0.2711690068244934,37.016479040000036,"{""type"":""Point"",""coordinates"":[76.37061748434658,9.966547722534857]}"
1194,0.2216445505619049,33.60529508000002,"{""type"":""Point"",""coordinates"":[76.27816051069114,9.800870440383054]}"
1195,-0.00813320279121399,29.871108230000004,"{""type"":""Point"",""coordinates"":[76.17042043222389,9.852033829068505]}"
1196,0.1840573400259018,36.855832100000015,"{""type"":""Point"",""coordinates"":[76.29153047776974,9.916088830823208]}"
1197,0.2886083126068115,34.13337917000001,"{""type"":""Point"",""coordinates"":[76.26260044799658,10.063316394556344]}"
1198,0.016788262873888016,31.375037030000044,"{""type"":""Point"",""coordinates"":[76.32451039834095,9.917387645191242]}"
1199,0.1344466507434845,38.383687039999984,"{""type"":""Point"",""coordinates"":[76.32857196384842,10.021270578595123]}"
1200,0.2516568601131439,35.30405102000003,"{""type"":""Point"",""coordinates"":[76.3878675820843,9.893529772145094]}"
1201,0.17099055647850037,37.98719672000004,"{""type"":""Point"",""coordinates"":[76.31621425193072,9.930665746483292]}"
1202,-0.01100670825690031,29.785657730000025,"{""type"":""Point"",""coordinates"":[76.17080093982516,9.927662050870724]}"
1203,0.28427353501319885,34.7195696,"{""type"":""Point"",""coordinates"":[76.37578296224066,10.01175578968119]}"
1204,0.0034290545154362917,32.09794826000001,"{""type"":""Point"",""coordinates"":[76.30450035747023,9.901479497071952]}"
1205,-0.009668136015534401,29.901870410000043,"{""type"":""Point"",""coordinates"":[76.15503876933282,9.871039774867237]}"
1206,-0.0210933368653059,29.906997439999998,"{""type"":""Point"",""coordinates"":[76.1879199445126,10.026903534793492]}"
1207,0.2764666974544525,36.592644560000025,"{""type"":""Point"",""coordinates"":[76.39765416517638,9.912370359358082]}"
1208,0.3372136354446411,37.551399170000025,"{""type"":""Point"",""coordinates"":[76.23711021262356,9.974863536757168]}"
1209,0.3109242618083954,35.01010130000003,"{""type"":""Point"",""coordinates"":[76.2744783095214,9.987417206518062]}"
1210,-0.02909226529300213,29.97706685,"{""type"":""Point"",""coordinates"":[76.24248233181625,9.905563175877923]}"
1211,-0.06786219030618668,30.29323370000003,"{""type"":""Point"",""coordinates"":[76.27534254222108,9.854258350148918]}"
1212,0.19500818848609924,36.87121318999999,"{""type"":""Point"",""coordinates"":[76.30607746805632,9.949636308400633]}"
1213,0.08742693811655045,42.51436421,"{""type"":""Point"",""coordinates"":[76.27345289475932,9.947662840016607]}"
1214,-0.01108736451715231,29.910415460000024,"{""type"":""Point"",""coordinates"":[76.180799969736,9.89838477415931]}"
1215,-0.017108729109168053,29.86598120000002,"{""type"":""Point"",""coordinates"":[76.2568447338689,9.82590781765875]}"
1216,0.01812836527824402,31.181918900000028,"{""type"":""Point"",""coordinates"":[76.22192765419415,10.01969602846993]}"
1217,-0.02602897398173809,29.749768520000032,"{""type"":""Point"",""coordinates"":[76.18096864105623,9.972767737527032]}"
1218,-0.03155671805143356,30.795682639999995,"{""type"":""Point"",""coordinates"":[76.23891233489755,9.948834013211604]}"
1219,0.2650934159755707,33.07550198000001,"{""type"":""Point"",""coordinates"":[76.23162717325916,9.98393810707487]}"
1220,0.20727689564228058,36.281604740000034,"{""type"":""Point"",""coordinates"":[76.32538611751541,9.986983363387177]}"
1221,0.2832830548286438,32.17998074000002,"{""type"":""Point"",""coordinates"":[76.20789515227177,10.039318193357177]}"
1222,0.33535999059677124,32.385061940000014,"{""type"":""Point"",""coordinates"":[76.37708409557301,9.902509127533834]}"
1223,-0.02473761886358261,30.542749160000028,"{""type"":""Point"",""coordinates"":[76.28574928323813,9.83755013400903]}"
1224,0.3084138333797455,34.52816048,"{""type"":""Point"",""coordinates"":[76.35072190150827,9.992700997082288]}"
1225,0.26689618825912476,36.15855601999999,"{""type"":""Point"",""coordinates"":[76.34657261859317,9.82552871872688]}"
1226,0.23479242622852325,33.45832022000002,"{""type"":""Point"",""coordinates"":[76.22456708589432,9.998855689690053]}"
1227,0.09165708720684052,39.169831639999984,"{""type"":""Point"",""coordinates"":[76.27663067944032,9.960473086555435]}"
1228,-0.009906374849379063,29.970230810000032,"{""type"":""Point"",""coordinates"":[76.20983762623864,9.869577097747063]}"
1229,0.10793551802635193,36.19273622000003,"{""type"":""Point"",""coordinates"":[76.30388685988271,10.021401784031717]}"
1230,-0.008743241429328918,29.794202780000006,"{""type"":""Point"",""coordinates"":[76.23576232684425,9.824498934815313]}"
1231,-0.039549387991428375,30.80251867999999,"{""type"":""Point"",""coordinates"":[76.2048894066568,10.043371468206622]}"
1232,0.08569741994142532,31.58011823000004,"{""type"":""Point"",""coordinates"":[76.31837212621147,9.890413550328663]}"
1233,-0.021576518192887306,31.004181860000017,"{""type"":""Point"",""coordinates"":[76.3537532526573,9.899209281023515]}"
1234,0.03298193961381912,32.42266016000002,"{""type"":""Point"",""coordinates"":[76.28470604961288,9.936867177629253]}"
1235,-0.007850298658013344,30.031755170000025,"{""type"":""Point"",""coordinates"":[76.18476015146949,9.886725021321118]}"
1236,-0.033779796212911606,30.08815249999998,"{""type"":""Point"",""coordinates"":[76.20044196444668,9.959402709721289]}"
1237,0.2227637618780136,35.29037893999998,"{""type"":""Point"",""coordinates"":[76.3126758128541,9.820838779460058]}"
1238,0.31222474575042725,35.560402520000025,"{""type"":""Point"",""coordinates"":[76.29510031996621,9.834757349983528]}"
1239,-0.007831967435777187,29.96852180000002,"{""type"":""Point"",""coordinates"":[76.19578237218977,9.851451320242857]}"
1240,-0.032457999885082245,30.829862840000033,"{""type"":""Point"",""coordinates"":[76.36235045951821,9.85995014772514]}"
1241,0.21929137408733368,36.38243633000002,"{""type"":""Point"",""coordinates"":[76.30405707275933,10.019827837230004]}"
1242,0.16136637330055237,38.838283700000034,"{""type"":""Point"",""coordinates"":[76.27875181425114,9.912829138489945]}"
1243,0.10967470705509186,30.96316562000004,"{""type"":""Point"",""coordinates"":[76.26860031508028,10.007518313493211]}"
1244,-0.011439325287938118,30.06764437999999,"{""type"":""Point"",""coordinates"":[76.22274925244227,9.867445996131263]}"
1245,-0.023238355293869972,30.298360730000013,"{""type"":""Point"",""coordinates"":[76.24846903283611,9.874718358930268]}"
1246,-0.02464945800602436,30.200947160000055,"{""type"":""Point"",""coordinates"":[76.25761184439543,9.84626656965721]}"
1247,0.12942104041576385,37.720591160000026,"{""type"":""Point"",""coordinates"":[76.29566506060104,9.949551841762588]}"
1248,-0.03911401331424713,30.30519677000001,"{""type"":""Point"",""coordinates"":[76.20076008868912,10.047152100669733]}"
1249,0.1828257441520691,35.75181164000003,"{""type"":""Point"",""coordinates"":[76.31555328037749,9.941490950616258]}"
1250,-0.02760663628578186,30.200947160000027,"{""type"":""Point"",""coordinates"":[76.26974845115434,9.81315513671811]}"
1251,0.1915624886751175,32.135546480000016,"{""type"":""Point"",""coordinates"":[76.35186854936649,9.836884608397595]}"
1252,0.26534217596054077,35.56723856000002,"{""type"":""Point"",""coordinates"":[76.28005597866294,9.93187684510657]}"
1253,0.22709715366363525,33.776196080000034,"{""type"":""Point"",""coordinates"":[76.21239106988779,10.03649525216825]}"
1254,0.20760054886341095,33.44293913000001,"{""type"":""Point"",""coordinates"":[76.24676239296764,10.00255202600624]}"
1255,0.27150091528892517,33.697581619999994,"{""type"":""Point"",""coordinates"":[76.39576230095021,9.959086515439324]}"
1256,-0.008681273087859154,29.95655873000004,"{""type"":""Point"",""coordinates"":[76.16274140499343,9.855091765615208]}"
1257,-0.016688387840986252,29.69678921000002,"{""type"":""Point"",""coordinates"":[76.15964560629072,9.96862370643682]}"
1258,-0.027156947180628777,30.29665172,"{""type"":""Point"",""coordinates"":[76.30244201470602,9.916541585966423]}"
1259,-0.034872908145189285,30.53933114,"{""type"":""Point"",""coordinates"":[76.35690163481348,9.887474957198311]}"
1260,0.2290426641702652,36.22008038000001,"{""type"":""Point"",""coordinates"":[76.3457240778712,9.980261910192619]}"
1261,0.12548555433750153,38.182023860000044,"{""type"":""Point"",""coordinates"":[76.32006317776379,9.991007961447636]}"
1262,0.3488370478153229,32.39702500999999,"{""type"":""Point"",""coordinates"":[76.35081311375339,9.991032480776084]}"
1263,0.19059787690639496,37.58899739,"{""type"":""Point"",""coordinates"":[76.27624075961599,9.912239061929386]}"
1264,-0.00925520807504654,29.77027664000002,"{""type"":""Point"",""coordinates"":[76.13806091230096,9.95787404110881]}"
1265,-0.011480323038995266,30.221455280000015,"{""type"":""Point"",""coordinates"":[76.23326029119501,9.857048548050123]}"
1266,-0.007860684767365456,29.81300189000001,"{""type"":""Point"",""coordinates"":[76.22999069573778,9.823974036106206]}"
1267,0.23536095023155212,35.69712332000006,"{""type"":""Point"",""coordinates"":[76.28355864077022,10.047755825455162]}"
1268,-0.03321429714560509,30.18043904000001,"{""type"":""Point"",""coordinates"":[76.22460243721844,9.970967311600251]}"
1269,0.12165234237909317,31.670695760000058,"{""type"":""Point"",""coordinates"":[76.26325294902428,10.032778493398341]}"
1270,0.2429450899362564,36.466177819999984,"{""type"":""Point"",""coordinates"":[76.37452549569467,9.923177746645772]}"
1271,0.20367403328418732,36.069687499999986,"{""type"":""Point"",""coordinates"":[76.21429657794947,10.039929636088097]}"
1272,0.3390955626964569,32.947326230000016,"{""type"":""Point"",""coordinates"":[76.22928484407431,9.98486278843992]}"
1273,0.20933789014816284,36.55675535,"{""type"":""Point"",""coordinates"":[76.37086785058514,9.945025820465514]}"
1274,0.24139516055583954,36.21324434000002,"{""type"":""Point"",""coordinates"":[76.28663189658164,10.017994017433642]}"
1275,0.09221162647008896,36.57213644000001,"{""type"":""Point"",""coordinates"":[76.36435213390111,9.996720017846357]}"
1276,0.28262242674827576,34.43074691000004,"{""type"":""Point"",""coordinates"":[76.3294655940088,9.85691741290523]}"
1277,0.22745150327682495,35.79966392000003,"{""type"":""Point"",""coordinates"":[76.33021173328511,10.021296162093739]}"
1278,0.030357258394360542,30.981964730000016,"{""type"":""Point"",""coordinates"":[76.32897927854091,9.916748977438573]}"
1279,0.19493365287780762,35.70908639000004,"{""type"":""Point"",""coordinates"":[76.36977758035795,9.950742291370512]}"
1280,0.2798350155353546,39.08779916000003,"{""type"":""Point"",""coordinates"":[76.3033758840269,9.816535536216843]}"
1281,0.24342377483844757,37.48987481000003,"{""type"":""Point"",""coordinates"":[76.30412905993401,9.881720853421179]}"
1282,-0.038045961409807205,30.602564510000008,"{""type"":""Point"",""coordinates"":[76.35584281698273,9.8677112190359]}"
1283,0.20557254552841187,31.952682410000023,"{""type"":""Point"",""coordinates"":[76.29880634473389,9.845160318461684]}"
1284,-0.025455845519900322,31.120394540000007,"{""type"":""Point"",""coordinates"":[76.33349840753675,9.870756878795282]}"
1285,0.16914336383342743,36.09190462999999,"{""type"":""Point"",""coordinates"":[76.28236771221364,10.051327294738435]}"
1286,0.27286162972450256,36.30211286000002,"{""type"":""Point"",""coordinates"":[76.39347224721865,9.954455383587925]}"
1287,-0.007826011627912521,30.043718240000004,"{""type"":""Point"",""coordinates"":[76.19748863562945,9.821688471192438]}"
1288,0.31055912375450134,34.84432733000003,"{""type"":""Point"",""coordinates"":[76.32483765228746,9.836790045952556]}"
1289,-0.008018248714506626,29.910415460000024,"{""type"":""Point"",""coordinates"":[76.19856778738739,9.85432590079594]}"
1290,0.27307090163230896,34.26497294000001,"{""type"":""Point"",""coordinates"":[76.36498297166342,9.853067830297096]}"
1291,-0.008722628466784954,29.73951446000001,"{""type"":""Point"",""coordinates"":[76.16267417717901,9.919234874622745]}"
1292,-0.009188218042254448,29.88648932000001,"{""type"":""Point"",""coordinates"":[76.18177472309748,9.89327713621316]}"
1293,0.2900504171848297,34.596520880000014,"{""type"":""Point"",""coordinates"":[76.26433711878512,10.058902757444896]}"
1294,-0.0071531920693814754,29.83521902000004,"{""type"":""Point"",""coordinates"":[76.20661413207763,9.821403392781255]}"
1295,0.1150830015540123,38.33925278000004,"{""type"":""Point"",""coordinates"":[76.24707648316229,9.949488057597872]}"
1296,-0.016877470538020134,30.846952940000023,"{""type"":""Point"",""coordinates"":[76.27118094461825,10.007156580503937]}"
1298,0.1334449201822281,31.918502209999986,"{""type"":""Point"",""coordinates"":[76.26336777403851,10.024787605110102]}"
1299,-0.01644209586083889,30.32741390000001,"{""type"":""Point"",""coordinates"":[76.23794773581193,9.873912853521988]}"
1300,0.22008974850177765,36.59606258000002,"{""type"":""Point"",""coordinates"":[76.31699315321079,9.999170793596775]}"
1301,-0.01047572586685419,29.667736040000023,"{""type"":""Point"",""coordinates"":[76.14495234164589,9.969652731005134]}"
1302,0.31418347358703613,34.722987620000026,"{""type"":""Point"",""coordinates"":[76.34607816548787,9.822663294573065]}"
1303,0.1659650206565857,38.11024544000003,"{""type"":""Point"",""coordinates"":[76.29934728433132,10.033178388184277]}"
1304,0.11759481579065323,33.66340142000004,"{""type"":""Point"",""coordinates"":[76.22238422960777,10.020563386317846]}"
1305,-0.007945625111460686,29.737805450000025,"{""type"":""Point"",""coordinates"":[76.13660042840691,9.912912426576478]}"
1306,-0.014896819368004799,30.26247152000002,"{""type"":""Point"",""coordinates"":[76.24551356750187,9.825080530187769]}"
1307,-0.025562383234500885,31.089632359999996,"{""type"":""Point"",""coordinates"":[76.35086543232883,9.845691588559106]}"
1308,0.20745313167572021,36.74303744000002,"{""type"":""Point"",""coordinates"":[76.35852554055523,9.995443851083486]}"
1309,0.11494015902280807,38.67763676000004,"{""type"":""Point"",""coordinates"":[76.31408349704364,9.999921568957076]}"
1310,0.23851747810840607,33.759105980000015,"{""type"":""Point"",""coordinates"":[76.2380105264251,10.030472104854717]}"
1311,0.24565353989601135,32.125292419999994,"{""type"":""Point"",""coordinates"":[76.27850512755172,9.820676764590807]}"
1312,-0.026572074741125107,31.055452160000016,"{""type"":""Point"",""coordinates"":[76.260079279998,9.963327169865849]}"
1313,-0.03607897460460663,30.347922020000055,"{""type"":""Point"",""coordinates"":[76.2085788535655,9.990196740036012]}"
1314,-0.007813830859959126,29.912124470000037,"{""type"":""Point"",""coordinates"":[76.22133449344497,9.808895827722257]}"
1315,-0.011557948775589466,30.20265617000001,"{""type"":""Point"",""coordinates"":[76.23511430339205,9.860346985971196]}"
1316,-0.011230316944420338,30.086443490000022,"{""type"":""Point"",""coordinates"":[76.2035880162674,9.907219728814724]}"
1317,-0.01028459332883358,29.695080200000035,"{""type"":""Point"",""coordinates"":[76.14527246721191,9.930794333605721]}"
1318,-0.02137893997132778,29.85743615000004,"{""type"":""Point"",""coordinates"":[76.17302614178548,9.950917964506521]}"
1319,0.16471166908740997,38.14442564000001,"{""type"":""Point"",""coordinates"":[76.2846722875903,9.982481450593658]}"
1320,-0.0266724843531847,30.241963400000003,"{""type"":""Point"",""coordinates"":[76.26929548830122,9.807877622902728]}"
1321,-0.007505412213504314,29.715588319999995,"{""type"":""Point"",""coordinates"":[76.13580677997693,9.91815246547273]}"
1322,-0.01165808830410242,30.13771379000002,"{""type"":""Point"",""coordinates"":[76.21550596405174,9.893717927680967]}"
1323,-0.029412180185317993,30.252217459999997,"{""type"":""Point"",""coordinates"":[76.25948016812724,9.84600076495658]}"
1324,0.22117285430431366,35.22030953000001,"{""type"":""Point"",""coordinates"":[76.2818902279982,10.030622454936164]}"
1325,0.1362474411725998,37.43347748000002,"{""type"":""Point"",""coordinates"":[76.29402058002594,9.996919374059607]}"
1326,-0.0218092929571867,29.88648932000001,"{""type"":""Point"",""coordinates"":[76.1827804733061,10.01983166916549]}"
1327,-0.01003415696322918,29.84376407000002,"{""type"":""Point"",""coordinates"":[76.14957875814603,9.866436950745506]}"
1328,0.12154419720172882,39.309970460000045,"{""type"":""Point"",""coordinates"":[76.34974463010806,9.97723930181638]}"
1329,0.06227464601397514,30.511986980000017,"{""type"":""Point"",""coordinates"":[76.26249529471905,9.906810349990872]}"
1330,0.16121239960193634,35.970564920000015,"{""type"":""Point"",""coordinates"":[76.27920102992765,10.021414745708148]}"
1331,0.131752610206604,35.4031736,"{""type"":""Point"",""coordinates"":[76.28424829286392,9.894143350916131]}"
1332,-0.02204415760934353,30.083025470000024,"{""type"":""Point"",""coordinates"":[76.26612827450018,9.806194266456181]}"
1333,0.30554237961769104,35.13656804000004,"{""type"":""Point"",""coordinates"":[76.37954450198359,9.990997204410741]}"
1334,-0.011378196999430656,29.989029920000036,"{""type"":""Point"",""coordinates"":[76.19054682270367,9.892047172144744]}"
1335,0.22935909032821655,36.295276820000026,"{""type"":""Point"",""coordinates"":[76.34269993689658,9.992881255461953]}"
1336,0.2948090434074402,34.35384146000001,"{""type"":""Point"",""coordinates"":[76.3847467571962,9.933599126488158]}"
1337,0.3391236364841461,35.28696092000001,"{""type"":""Point"",""coordinates"":[76.37668491917779,9.910403887197573]}"
1338,0.06299842894077301,31.01785394000001,"{""type"":""Point"",""coordinates"":[76.26606291427264,9.910632027531927]}"
1339,0.15727375447750092,38.46059249000001,"{""type"":""Point"",""coordinates"":[76.3082889309757,9.995493897943733]}"
1340,-0.009282688610255718,30.00441101000004,"{""type"":""Point"",""coordinates"":[76.20704591959542,9.857747296847107]}"
1341,-0.024528872221708298,30.501732919999995,"{""type"":""Point"",""coordinates"":[76.285053121629,9.836730078707076]}"
1342,0.3015219569206238,34.60677494000004,"{""type"":""Point"",""coordinates"":[76.33496294715523,9.861848583041812]}"
1343,0.24273493885993958,35.00839229000002,"{""type"":""Point"",""coordinates"":[76.22161074906676,10.039099812197103]}"
1344,0.022507058456540108,32.42949620000002,"{""type"":""Point"",""coordinates"":[76.32139301695558,9.921580660785757]}"
1345,-0.01476770918816328,31.175082860000032,"{""type"":""Point"",""coordinates"":[76.25456514036387,10.047462638891929]}"
1346,0.260372132062912,34.27180898000006,"{""type"":""Point"",""coordinates"":[76.35770781205561,9.937452117918232]}"
1347,0.27433374524116516,33.58478696000003,"{""type"":""Point"",""coordinates"":[76.22997233086026,9.978742353884059]}"
1348,0.2886054813861847,35.755229660000055,"{""type"":""Point"",""coordinates"":[76.39891735413096,9.90884722100564]}"
1349,0.31619423627853394,36.22691642000001,"{""type"":""Point"",""coordinates"":[76.38570003006609,9.951012648019072]}"
1350,0.16415990889072418,35.92613066000001,"{""type"":""Point"",""coordinates"":[76.30997105522003,9.967367151624202]}"
1351,-0.02847965434193611,30.083025470000024,"{""type"":""Point"",""coordinates"":[76.26920817662746,9.814993687726126]}"
1352,-0.010199839249253273,29.881362290000027,"{""type"":""Point"",""coordinates"":[76.16427686602368,9.894847246413637]}"
1353,-0.029784424230456352,29.737805449999996,"{""type"":""Point"",""coordinates"":[76.18332465729911,9.96913119844262]}"
1354,0.20503748953342438,35.74839362,"{""type"":""Point"",""coordinates"":[76.30992102906471,9.930452671427629]}"
1355,0.05611589923501015,42.76558868000001,"{""type"":""Point"",""coordinates"":[76.27160679679034,9.948104542188117]}"
1356,-0.0212965477257967,29.85572714,"{""type"":""Point"",""coordinates"":[76.1784913888011,9.993435157144498]}"
1357,0.27908027172088623,36.17051909000003,"{""type"":""Point"",""coordinates"":[76.39600509679144,9.921219274805155]}"
1358,0.27727505564689636,34.59822989000003,"{""type"":""Point"",""coordinates"":[76.32975551529715,9.929322298413602]}"
1359,-0.009355041198432446,29.686535150000026,"{""type"":""Point"",""coordinates"":[76.1596923279408,9.89936813713429]}"
1360,0.29537492990493774,33.96418718000001,"{""type"":""Point"",""coordinates"":[76.30948407040766,9.814351535653536]}"
1361,-0.02031954750418663,29.842055060000007,"{""type"":""Point"",""coordinates"":[76.17551282338462,9.963838595918572]}"
1362,-0.002257436281070113,31.41092623999998,"{""type"":""Point"",""coordinates"":[76.22954934134675,10.055815046950775]}"
1363,0.26729345321655273,33.902662820000046,"{""type"":""Point"",""coordinates"":[76.31559603420965,9.89282018046438]}"
1364,-0.008010640740394592,31.02639899000002,"{""type"":""Point"",""coordinates"":[76.21082451575816,10.036248659895234]}"
1365,0.2530043125152588,36.92761052000003,"{""type"":""Point"",""coordinates"":[76.34829510934769,10.028704634453392]}"
1366,-0.009917124174535275,29.912124470000037,"{""type"":""Point"",""coordinates"":[76.16118303282306,9.867688241746224]}"
1367,0.29928797483444214,33.26520209,"{""type"":""Point"",""coordinates"":[76.3567655481267,9.938326354238727]}"
1368,-0.01985691301524639,30.06422636000002,"{""type"":""Point"",""coordinates"":[76.19291971697798,9.93547121363992]}"
1369,-0.03453792631626129,29.749768520000032,"{""type"":""Point"",""coordinates"":[76.1995054337412,10.027213768014462]}"
1370,0.14436528086662292,43.080046519999996,"{""type"":""Point"",""coordinates"":[76.2671383667154,9.962348170480013]}"
1371,0.14911258220672607,32.506401650000015,"{""type"":""Point"",""coordinates"":[76.33725603673982,9.893213056659397]}"
1372,0.13499785959720612,37.26257648000001,"{""type"":""Point"",""coordinates"":[76.30059578214995,10.008295842116155]}"
1373,0.26636072993278503,33.70783568000002,"{""type"":""Point"",""coordinates"":[76.37430317418008,10.009236201108042]}"
1374,0.16165830194950104,32.40898808000003,"{""type"":""Point"",""coordinates"":[76.20887218280775,10.046146468195658]}"
1375,0.10551511496305466,36.97546280000006,"{""type"":""Point"",""coordinates"":[76.37869530847495,9.9925259678918]}"
1376,-0.011067509651184082,29.971939820000046,"{""type"":""Point"",""coordinates"":[76.20195947064838,9.905936960799217]}"
1377,0.2928259074687958,33.724925780000035,"{""type"":""Point"",""coordinates"":[76.37975306670536,9.938019072575171]}"
1378,0.257970929145813,33.314763380000045,"{""type"":""Point"",""coordinates"":[76.30606404584432,9.915228128658155]}"
1379,0.3008972406387329,35.235690620000014,"{""type"":""Point"",""coordinates"":[76.3426977780866,9.989401212012153]}"
1380,-0.028001539409160614,29.958267739999997,"{""type"":""Point"",""coordinates"":[76.22206048560767,9.940034579112941]}"
1381,-0.037651486694812775,30.38210221999998,"{""type"":""Point"",""coordinates"":[76.21745401072094,9.95197041827804]}"
1382,0.19231456518173218,36.28844078,"{""type"":""Point"",""coordinates"":[76.31397532806763,10.015816649669835]}"
1383,-0.014110029675066471,30.069353390000032,"{""type"":""Point"",""coordinates"":[76.24821535826435,9.82146243880183]}"
1384,-0.03179597482085228,30.27614360000001,"{""type"":""Point"",""coordinates"":[76.209983790486,9.942890677812564]}"
1385,0.24796956777572632,35.31943211000004,"{""type"":""Point"",""coordinates"":[76.37254786229786,9.946204273112402]}"
1386,-0.019067581743001938,30.165057950000033,"{""type"":""Point"",""coordinates"":[76.23542442800667,9.906012455709847]}"
1387,-0.008859523572027683,29.823255950000032,"{""type"":""Point"",""coordinates"":[76.13874154474021,9.956445061218668]}"
1388,0.037965625524520874,31.86894092,"{""type"":""Point"",""coordinates"":[76.3115985343346,9.947917906996228]}"
1389,-0.038687173277139664,30.32741390000001,"{""type"":""Point"",""coordinates"":[76.19957850846697,10.041610652935045]}"
1390,-0.013271170668303967,29.684826140000013,"{""type"":""Point"",""coordinates"":[76.2521244548212,9.815654917727587]}"
1391,0.3572383522987366,35.464697960000024,"{""type"":""Point"",""coordinates"":[76.3795433110249,9.998865296966247]}"
1392,0.1790241003036499,35.73643055000002,"{""type"":""Point"",""coordinates"":[76.31184508302157,9.827059067226042]}"
1393,0.2009737640619278,34.27522700000003,"{""type"":""Point"",""coordinates"":[76.2216096773757,10.012083424262144]}"
1394,-0.010040761902928352,29.73096941000003,"{""type"":""Point"",""coordinates"":[76.1537150399501,9.914162232978027]}"
1395,0.2314986139535904,33.32843546000004,"{""type"":""Point"",""coordinates"":[76.3189353431478,9.89467134040992]}"
1396,-0.035638611763715744,29.958267739999997,"{""type"":""Point"",""coordinates"":[76.2470393234098,9.911974806798975]}"
1397,0.29297935962677,33.47199230000001,"{""type"":""Point"",""coordinates"":[76.33529344704138,9.81842762959383]}"
1398,-0.017126502469182014,29.797620800000004,"{""type"":""Point"",""coordinates"":[76.18539989981905,9.918000061227971]}"
1399,-0.037346724420785904,30.18043904000004,"{""type"":""Point"",""coordinates"":[76.21465566979816,9.976819326411267]}"
1400,0.3332713544368744,33.86506459999998,"{""type"":""Point"",""coordinates"":[76.38282576527858,9.991016433822983]}"
1401,-0.02732313983142376,29.872817240000018,"{""type"":""Point"",""coordinates"":[76.1919971853604,10.034289849101485]}"
1402,-0.040398094803094864,30.09498854000003,"{""type"":""Point"",""coordinates"":[76.30172021477492,9.89411985082392]}"
1403,5.228358204476535E-4,31.400672180000015,"{""type"":""Point"",""coordinates"":[76.31991528397607,9.850645736827058]}"
1404,-0.015844540670514107,29.62330178000002,"{""type"":""Point"",""coordinates"":[76.15837750208239,9.998104383789427]}"
1405,-0.03700559213757515,30.648707780000024,"{""type"":""Point"",""coordinates"":[76.36045423962965,9.883248331102036]}"
1406,-0.007280220277607441,29.980484870000026,"{""type"":""Point"",""coordinates"":[76.20217841562285,9.839892210659048]}"
1407,-0.03730291128158569,30.16334893999999,"{""type"":""Point"",""coordinates"":[76.2027377618111,9.980588774889949]}"
1408,-0.011121178045868874,31.181918900000028,"{""type"":""Point"",""coordinates"":[76.34086349457321,9.889379161877836]}"
1409,0.2860664427280426,34.38118562,"{""type"":""Point"",""coordinates"":[76.30994441986684,9.864649484619365]}"
1410,-0.0066607980988919735,29.848891100000003,"{""type"":""Point"",""coordinates"":[76.18710152204476,9.824428222827263]}"
1411,-0.0037591238506138325,31.728802100000053,"{""type"":""Point"",""coordinates"":[76.25730994559007,9.993029216458025]}"
1412,-0.05964411050081253,30.322286870000028,"{""type"":""Point"",""coordinates"":[76.2729136241307,9.851428465177733]}"
1413,0.2938232123851776,34.66829930000006,"{""type"":""Point"",""coordinates"":[76.27579114746632,9.994964995930394]}"
1414,0.1045832633972168,39.98673842000005,"{""type"":""Point"",""coordinates"":[76.25080469489424,9.96540375081189]}"
1415,0.3228713274002075,34.62557405000001,"{""type"":""Point"",""coordinates"":[76.36976305347687,9.95860306358285]}"
1416,-0.0022650740575045347,30.92727641000002,"{""type"":""Point"",""coordinates"":[76.24816402071885,10.062508364923874]}"
1417,-0.029166018590331078,30.77688353000002,"{""type"":""Point"",""coordinates"":[76.35785024180839,9.874751462096382]}"
1418,0.2992934584617615,36.39952643000001,"{""type"":""Point"",""coordinates"":[76.22879657756955,9.982223471436935]}"
1419,-0.009294199757277966,29.80958387000001,"{""type"":""Point"",""coordinates"":[76.1746098008076,9.89778280841546]}"
1420,-0.01765434257686138,29.867690210000006,"{""type"":""Point"",""coordinates"":[76.18015778850159,9.935799569344798]}"
1421,-0.017653031274676323,29.79249377000002,"{""type"":""Point"",""coordinates"":[76.16654836702642,9.987636577699954]}"
1422,-0.01570945791900158,29.97706685000003,"{""type"":""Point"",""coordinates"":[76.20734156727455,9.92015746779962]}"
1423,0.09630461782217026,41.45306900000003,"{""type"":""Point"",""coordinates"":[76.36602825070598,9.975155605456813]}"
1424,-0.009500507265329361,30.230000330000024,"{""type"":""Point"",""coordinates"":[76.22480115964825,9.853857057538661]}"
1425,-0.04579739272594452,30.792264619999997,"{""type"":""Point"",""coordinates"":[76.28333156241348,9.847262796562969]}"
1426,-0.023861000314354897,29.95143170000003,"{""type"":""Point"",""coordinates"":[76.18709074304904,9.946513852132684]}"
1427,0.2374287247657776,34.93490486000002,"{""type"":""Point"",""coordinates"":[76.3007863350879,9.87551180790643]}"
1428,0.2940724492073059,37.90174622000001,"{""type"":""Point"",""coordinates"":[76.3308010069126,10.04704717841685]}"
1429,-0.008822483941912651,30.04200923000002,"{""type"":""Point"",""coordinates"":[76.21660173636573,9.837333854648751]}"
1430,-0.02423407882452011,30.105242600000025,"{""type"":""Point"",""coordinates"":[76.2407225652936,9.900068288807914]}"
1431,0.29767581820487976,34.84945435999998,"{""type"":""Point"",""coordinates"":[76.35159020913473,9.953234886730517]}"
1432,0.25177204608917236,36.71227526000001,"{""type"":""Point"",""coordinates"":[76.36720517102637,9.95323171238323]}"
1433,0.10921026766300201,33.089174060000005,"{""type"":""Point"",""coordinates"":[76.29391148224397,9.850875835475314]}"
1434,0.3435508608818054,34.55721365000002,"{""type"":""Point"",""coordinates"":[76.38541434490618,9.918236522812926]}"
1435,-0.012976440601050854,29.77882169,"{""type"":""Point"",""coordinates"":[76.15174371595137,9.94875348531655]}"
1436,0.27558377385139465,36.01158115999999,"{""type"":""Point"",""coordinates"":[76.38467562426861,9.923826313279937]}"
1437,-0.023954318836331367,30.19752914000003,"{""type"":""Point"",""coordinates"":[76.21109618332687,9.932806154157774]}"
1438,0.17026174068450928,37.171998950000045,"{""type"":""Point"",""coordinates"":[76.28442627521335,9.906020723102657]}"
1439,-0.02539108879864216,30.985382750000014,"{""type"":""Point"",""coordinates"":[76.28064464538197,9.959779033821532]}"
1440,-0.033328793942928314,30.207783199999994,"{""type"":""Point"",""coordinates"":[76.25450731036389,9.874599313592006]}"
1441,0.15821336209774017,37.390752230000004,"{""type"":""Point"",""coordinates"":[76.34467607214279,10.031497029130916]}"
1442,-0.011155907064676285,29.719006339999993,"{""type"":""Point"",""coordinates"":[76.14821428023131,9.954839995593714]}"
1443,0.18078599870204926,33.50959052000002,"{""type"":""Point"",""coordinates"":[76.23193056938334,10.016051642050048]}"
1444,0.21898257732391357,36.73791041000001,"{""type"":""Point"",""coordinates"":[76.31004208436333,9.89696287482421]}"
1445,0.21932554244995117,35.26987082000002,"{""type"":""Point"",""coordinates"":[76.37333585511476,9.937250225708295]}"
1446,-0.024976808577775955,30.10695161000004,"{""type"":""Point"",""coordinates"":[76.25157410848587,9.874936387645358]}"
1447,0.15028610825538635,36.73278338,"{""type"":""Point"",""coordinates"":[76.27306828391274,10.019871717056958]}"
1448,-0.00985659472644329,29.715588319999995,"{""type"":""Point"",""coordinates"":[76.1508870694481,9.89991338886175]}"
1449,0.30246302485466003,37.44031352000002,"{""type"":""Point"",""coordinates"":[76.31720835076074,10.010895727812917]}"
1450,0.13044214248657227,37.55652620000001,"{""type"":""Point"",""coordinates"":[76.31682691705493,10.003140555458225]}"
1451,0.29086095094680786,34.302571160000014,"{""type"":""Point"",""coordinates"":[76.32605515619554,9.86070300533991]}"
1452,-0.03879339247941971,30.08131646000004,"{""type"":""Point"",""coordinates"":[76.2222792241405,9.952703259103368]}"
1453,-0.011369239538908005,29.949722690000016,"{""type"":""Point"",""coordinates"":[76.1936588920666,9.890055218702322]}"
1454,0.022170906886458397,33.82063033999998,"{""type"":""Point"",""coordinates"":[76.2797006681708,9.958609489215748]}"
1455,0.1912643164396286,36.52086614000001,"{""type"":""Point"",""coordinates"":[76.36670819788051,9.968150581734276]}"
1456,0.06883929669857025,32.90630999000004,"{""type"":""Point"",""coordinates"":[76.30764690060828,9.969692111376023]}"
1457,0.1833135038614273,33.60187705999999,"{""type"":""Point"",""coordinates"":[76.33606121467129,9.819556551727821]}"
1458,0.23339419066905975,37.03015112000003,"{""type"":""Point"",""coordinates"":[76.31041871116031,9.92437033614025]}"
1459,-0.009211239404976368,30.011247050000037,"{""type"":""Point"",""coordinates"":[76.16559436760589,9.88417370579527]}"
1460,-0.016162967309355736,30.928985420000032,"{""type"":""Point"",""coordinates"":[76.26794691265867,10.008919957864789]}"
1461,-0.010791358537971973,30.55300322000005,"{""type"":""Point"",""coordinates"":[76.2408413357792,9.803855287337493]}"
1462,0.3237626552581787,33.09259208000003,"{""type"":""Point"",""coordinates"":[76.30884448842414,9.804858557096125]}"
1463,-0.00847688876092434,30.031755170000025,"{""type"":""Point"",""coordinates"":[76.21859276199154,9.856037024225417]}"
1464,-0.03786292299628258,29.89503437000002,"{""type"":""Point"",""coordinates"":[76.19809006750033,9.964071421914767]}"
1465,0.14933054149150848,31.564737140000034,"{""type"":""Point"",""coordinates"":[76.26020606882136,10.0558976502657]}"
1466,-0.009726638905704021,30.21974627,"{""type"":""Point"",""coordinates"":[76.2241895535017,9.868434713392821]}"
1467,-0.015609492547810078,29.82154694000002,"{""type"":""Point"",""coordinates"":[76.17900642695052,9.926575030817276]}"
1468,-0.010089373216032982,29.693371190000022,"{""type"":""Point"",""coordinates"":[76.15308177348237,9.91407283955181]}"
1469,0.21525666117668152,34.53841454000002,"{""type"":""Point"",""coordinates"":[76.35558366950318,9.932096522281412]}"
1470,-0.008847477845847607,29.9514317,"{""type"":""Point"",""coordinates"":[76.15473469279351,9.876572504338533]}"
1471,0.18663378059864044,33.28912823000002,"{""type"":""Point"",""coordinates"":[76.34612029601706,9.920566502564675]}"
1472,-0.0388418473303318,30.72561323000002,"{""type"":""Point"",""coordinates"":[76.28411294604665,9.830812138344832]}"
1473,0.2803577780723572,34.64437315999999,"{""type"":""Point"",""coordinates"":[76.32884178717052,9.930279097592214]}"
1474,0.2143183946609497,34.41194780000001,"{""type"":""Point"",""coordinates"":[76.23154969167936,10.01474498982402]}"
1475,-0.033373620361089706,30.20094716,"{""type"":""Point"",""coordinates"":[76.20619162539288,9.944633435936996]}"
1476,-0.006254696287214756,30.019792100000018,"{""type"":""Point"",""coordinates"":[76.1753437011825,9.843850839637536]}"
1477,0.3553096354007721,33.55402478000002,"{""type"":""Point"",""coordinates"":[76.30300760415774,9.826990519465626]}"
1478,0.240679070353508,35.66977916000002,"{""type"":""Point"",""coordinates"":[76.37270793700232,10.013762228513935]}"
1479,-0.008641624823212624,29.80787486,"{""type"":""Point"",""coordinates"":[76.17172085561407,9.848965470571851]}"
1480,-0.00894103478640318,29.84889110000003,"{""type"":""Point"",""coordinates"":[76.1887246008028,9.852597456305112]}"
1481,0.1508585661649704,37.296756680000044,"{""type"":""Point"",""coordinates"":[76.29133192232256,10.017803816967293]}"
1482,-0.00953512080013752,29.81812892000002,"{""type"":""Point"",""coordinates"":[76.23262806773307,9.83074894247694]}"
1483,0.1759047955274582,35.41684568000005,"{""type"":""Point"",""coordinates"":[76.3125992545329,9.866891469599754]}"
1484,0.1393405646085739,36.87975824,"{""type"":""Point"",""coordinates"":[76.28148526329937,10.013108846451455]}"
1485,0.24500423669815063,34.96908506,"{""type"":""Point"",""coordinates"":[76.38906187720131,9.910092291563204]}"
1486,0.28990939259529114,34.497398299999986,"{""type"":""Point"",""coordinates"":[76.37724259184643,9.87065266191784]}"
1487,0.13259609043598175,38.14613464999999,"{""type"":""Point"",""coordinates"":[76.37103720751811,10.01699923234994]}"
1488,0.2024824470281601,35.35873934000003,"{""type"":""Point"",""coordinates"":[76.32988654595286,9.89636056213445]}"
1489,0.25290918350219727,36.47643188000001,"{""type"":""Point"",""coordinates"":[76.36946758005433,9.900659758044528]}"
1490,-0.02371160127222538,29.78736674000004,"{""type"":""Point"",""coordinates"":[76.1791743071635,9.977680618261031]}"
1491,-0.019741667434573174,29.876235260000044,"{""type"":""Point"",""coordinates"":[76.16873277329805,10.013403386292772]}"
1492,0.015275481157004833,32.22783302000005,"{""type"":""Point"",""coordinates"":[76.26959897156327,10.036872701104569]}"
1493,-0.007736856117844582,29.81812892000002,"{""type"":""Point"",""coordinates"":[76.20228682189295,9.826368937910978]}"
1494,-0.021042637526988983,29.975357840000015,"{""type"":""Point"",""coordinates"":[76.17007427762813,10.00772135016578]}"
1495,-0.009740551933646202,29.68824416000004,"{""type"":""Point"",""coordinates"":[76.142091491949,9.963514241079535]}"
1496,0.3773214519023895,34.627283060000025,"{""type"":""Point"",""coordinates"":[76.34976819408416,9.975431138632848]}"
1497,-0.054531604051589966,30.334249940000007,"{""type"":""Point"",""coordinates"":[76.2728262886157,9.854772103305116]}"
1498,-0.008591536432504654,29.874526250000002,"{""type"":""Point"",""coordinates"":[76.22246480404333,9.810681228374124]}"
1499,-0.00820325780659914,30.086443489999994,"{""type"":""Point"",""coordinates"":[76.19497029182209,9.873977775964457]}"
1500,-0.018193339928984642,30.749539370000036,"{""type"":""Point"",""coordinates"":[76.27032427051076,10.002049540258259]}"
1501,-0.010479327291250229,29.69678921000002,"{""type"":""Point"",""coordinates"":[76.14907355198297,9.912957042367752]}"
1502,-0.020408110693097115,30.105242599999997,"{""type"":""Point"",""coordinates"":[76.17134182715381,9.952945237603668]}"
1503,-0.03443475067615509,30.416282420000044,"{""type"":""Point"",""coordinates"":[76.32087205420248,9.883637696737484]}"
1504,0.17131270468235016,37.183962020000024,"{""type"":""Point"",""coordinates"":[76.30348554661921,9.943683061056147]}"
1505,-0.0031934429425746202,30.65041679000001,"{""type"":""Point"",""coordinates"":[76.23985004404966,10.034700162332829]}"
1506,0.320676326751709,33.1472804,"{""type"":""Point"",""coordinates"":[76.32282472421907,10.048813723121047]}"
1507,-0.019723547622561455,29.893325360000034,"{""type"":""Point"",""coordinates"":[76.16391627110673,10.007255992604108]}"
1508,0.23119467496871948,36.168810080000014,"{""type"":""Point"",""coordinates"":[76.39131727065218,9.901535898891295]}"
1509,0.20072180032730103,38.13588059,"{""type"":""Point"",""coordinates"":[76.34609207808964,10.036248888619593]}"
1510,-0.005447970237582922,31.56815516000006,"{""type"":""Point"",""coordinates"":[76.26503495464294,10.000721453246115]}"
1511,-0.004988109227269888,31.058870179999985,"{""type"":""Point"",""coordinates"":[76.25613189311673,10.037640484415583]}"
1512,0.2907901108264923,37.00109795000003,"{""type"":""Point"",""coordinates"":[76.32296198820976,9.993654422033721]}"
1513,-0.008246962912380695,29.884780310000053,"{""type"":""Point"",""coordinates"":[76.21803118232359,9.810849944198948]}"
1514,0.2201899290084839,36.021835220000014,"{""type"":""Point"",""coordinates"":[76.34098653281154,10.019001856050417]}"
1515,-0.037614431232213974,30.183857060000037,"{""type"":""Point"",""coordinates"":[76.21218962259731,9.985520395266835]}"
1516,-0.02739916741847992,30.15480389000004,"{""type"":""Point"",""coordinates"":[76.26815034645868,9.816149124155183]}"
1517,-0.05530763044953346,30.658961840000018,"{""type"":""Point"",""coordinates"":[76.2810185246045,9.853142061983057]}"
1518,-0.010510825552046299,29.84889110000003,"{""type"":""Point"",""coordinates"":[76.16281994999994,9.906037381723923]}"
1519,-0.008465575985610485,29.80103882000003,"{""type"":""Point"",""coordinates"":[76.22001666644711,9.816174519246722]}"
1520,0.03909435495734215,32.30644748,"{""type"":""Point"",""coordinates"":[76.28747693904337,9.860884088855727]}"
1521,-0.014896702021360397,29.838637040000037,"{""type"":""Point"",""coordinates"":[76.16369462355883,10.014417373059743]}"
1522,-0.02770671248435974,30.24538142000003,"{""type"":""Point"",""coordinates"":[76.19491570602273,9.946059812195546]}"
1523,0.3252555727958679,38.02137692000002,"{""type"":""Point"",""coordinates"":[76.30545935730711,9.980369461689776]}"
1524,0.1453101485967636,38.86220984000005,"{""type"":""Point"",""coordinates"":[76.25868988470584,9.941352874008803]}"
1525,-0.011648709885776043,30.281270630000023,"{""type"":""Point"",""coordinates"":[76.21810092964952,9.876461740788532]}"
1526,0.08266942203044891,38.07777425000003,"{""type"":""Point"",""coordinates"":[76.30508900086633,9.968598360064227]}"
1527,-0.02516746334731579,30.48806084000003,"{""type"":""Point"",""coordinates"":[76.35185420656661,9.895884532407392]}"
1528,0.2225344330072403,34.182940460000054,"{""type"":""Point"",""coordinates"":[76.30104252070554,9.801425376369355]}"
1529,-0.039068955928087234,30.99734582000002,"{""type"":""Point"",""coordinates"":[76.34662632857098,9.848053364844077]}"
1530,0.28606414794921875,35.59629173000002,"{""type"":""Point"",""coordinates"":[76.30832300305167,9.829042433135102]}"
1531,-0.04176293686032295,30.101824580000027,"{""type"":""Point"",""coordinates"":[76.21399541860873,9.965151008229542]}"
1532,-0.007204798050224781,29.570322470000008,"{""type"":""Point"",""coordinates"":[76.13720760727512,9.967762869432034]}"
1533,0.2596079707145691,35.00668328000003,"{""type"":""Point"",""coordinates"":[76.37237371318038,10.008726947325954]}"
1534,0.2867475748062134,37.20788816000004,"{""type"":""Point"",""coordinates"":[76.25560007132528,9.988224713352581]}"
1535,-0.006512869149446487,29.92579655000003,"{""type"":""Point"",""coordinates"":[76.18137279728819,9.828034675230656]}"
1536,0.2426469475030899,32.49272957000005,"{""type"":""Point"",""coordinates"":[76.2666001448453,10.012037038666557]}"
1537,-0.03288682922720909,30.224873300000013,"{""type"":""Point"",""coordinates"":[76.32470378934916,9.879947408415045]}"
1538,-0.006788298953324556,29.906997439999998,"{""type"":""Point"",""coordinates"":[76.2028171652004,9.813905672368834]}"
1539,-0.02628588117659092,29.73609644000004,"{""type"":""Point"",""coordinates"":[76.19498155618962,10.022185655426007]}"
1540,0.28350263833999634,35.591164700000036,"{""type"":""Point"",""coordinates"":[76.22431785152246,9.990263882476654]}"
1541,-0.015133368782699108,29.855727140000027,"{""type"":""Point"",""coordinates"":[76.19534525580501,9.920647867344774]}"
1542,0.17624369263648987,34.62386504000003,"{""type"":""Point"",""coordinates"":[76.23045271577405,10.019413679620216]}"
1543,0.21147064864635468,36.126084830000025,"{""type"":""Point"",""coordinates"":[76.3531725126369,9.94217469919142]}"
1544,0.17260967195034027,40.72161272000005,"{""type"":""Point"",""coordinates"":[76.27706207518713,9.98250820856308]}"
1545,-0.04125073179602623,30.09498854000003,"{""type"":""Point"",""coordinates"":[76.20760816615866,10.022739210416301]}"
1546,0.29725226759910583,34.887052580000045,"{""type"":""Point"",""coordinates"":[76.30385686906759,10.041316518011197]}"
1547,0.24932892620563507,33.971023220000006,"{""type"":""Point"",""coordinates"":[76.3301595715088,9.89187132585863]}"
1548,0.2886631488800049,34.904142680000035,"{""type"":""Point"",""coordinates"":[76.22913777718058,9.986886141074521]}"
1549,-0.03422313556075096,30.38893826000003,"{""type"":""Point"",""coordinates"":[76.26314916542054,9.846190785139113]}"
1550,-0.01520090363919735,29.79591179000002,"{""type"":""Point"",""coordinates"":[76.18971516398574,9.914516325296022]}"
1551,-0.01186669897288084,29.785657730000025,"{""type"":""Point"",""coordinates"":[76.15108083014955,9.951633756753806]}"
1552,0.2794061005115509,35.16049418,"{""type"":""Point"",""coordinates"":[76.40146193304962,9.952857349585189]}"
1553,-0.030212581157684326,29.746350500000034,"{""type"":""Point"",""coordinates"":[76.18362674281931,9.969576648003509]}"
1554,0.3536587655544281,33.39337784000003,"{""type"":""Point"",""coordinates"":[76.37464717859783,10.010664144896296]}"
1555,-0.030802203342318535,30.843534919999996,"{""type"":""Point"",""coordinates"":[76.3590792605954,9.871546255682837]}"
1556,0.18554821610450745,36.15171998000005,"{""type"":""Point"",""coordinates"":[76.30591830067532,9.935136952759523]}"
1557,0.1621384620666504,35.58774668000001,"{""type"":""Point"",""coordinates"":[76.38608795076092,9.888456047043206]}"
1558,0.1660919189453125,36.88488527000001,"{""type"":""Point"",""coordinates"":[76.22450701220639,10.02749069750767]}"
1559,0.13248197734355927,41.90253863000001,"{""type"":""Point"",""coordinates"":[76.27205619911125,9.964472400957018]}"
1560,-0.007738965097814798,29.744641489999992,"{""type"":""Point"",""coordinates"":[76.18880308222866,9.832132797909162]}"
1561,-0.03187376633286476,30.218037260000017,"{""type"":""Point"",""coordinates"":[76.19259256596956,10.043173292633659]}"
1562,-0.03201811760663986,30.773465509999994,"{""type"":""Point"",""coordinates"":[76.28437659541328,9.84289997829614]}"
1563,0.2201598435640335,34.56917672,"{""type"":""Point"",""coordinates"":[76.23386916536266,10.014467830058427]}"
1564,0.12147673964500427,38.704980920000025,"{""type"":""Point"",""coordinates"":[76.29882695127739,9.96224738675246]}"
1565,-0.038192059844732285,30.178730029999997,"{""type"":""Point"",""coordinates"":[76.20147710911537,9.966179285767632]}"
1566,-0.0361219197511673,30.153094880000026,"{""type"":""Point"",""coordinates"":[76.20835510065702,9.98343137092859]}"
1567,0.3117164671421051,35.71763143999999,"{""type"":""Point"",""coordinates"":[76.27741292018113,10.03276482264281]}"
1568,0.2458299696445465,34.14876026000002,"{""type"":""Point"",""coordinates"":[76.26401747122578,10.041665363909814]}"
1569,-0.018160536885261536,29.647227920000006,"{""type"":""Point"",""coordinates"":[76.16247030417144,9.991594696095188]}"
1570,0.20142769813537598,31.745892200000014,"{""type"":""Point"",""coordinates"":[76.28047818651096,9.811487364975273]}"
1571,0.24221856892108917,35.266452800000025,"{""type"":""Point"",""coordinates"":[76.3253686433667,10.002036298299492]}"
1572,0.3263450264930725,34.47005414,"{""type"":""Point"",""coordinates"":[76.32767330054901,9.831611841490373]}"
1573,0.32213491201400757,33.50104547000004,"{""type"":""Point"",""coordinates"":[76.33852605432563,9.999539304840994]}"
1574,0.1289767324924469,37.149781820000044,"{""type"":""Point"",""coordinates"":[76.29724183897429,10.016556711930054]}"
1575,0.36601150035858154,34.22395670000003,"{""type"":""Point"",""coordinates"":[76.36265833779322,10.025243051885491]}"
1576,0.32921546697616577,32.774716220000016,"{""type"":""Point"",""coordinates"":[76.39238751830817,9.940711334853338]}"
1577,0.3121011555194855,34.80502009999998,"{""type"":""Point"",""coordinates"":[76.37958967220776,9.86391598042751]}"
1578,-0.006988446228206158,31.205845039999986,"{""type"":""Point"",""coordinates"":[76.2578211798751,10.043986894220128]}"
1579,-0.01993873342871666,29.717297330000008,"{""type"":""Point"",""coordinates"":[76.16901307771539,9.96960641165684]}"
1580,0.1783643364906311,35.34677627000002,"{""type"":""Point"",""coordinates"":[76.26746000689836,9.854878133201137]}"
1581,-0.012422820553183556,29.746350500000034,"{""type"":""Point"",""coordinates"":[76.1548042780666,9.950462897377035]}"
1582,-0.02455245517194271,30.937530470000013,"{""type"":""Point"",""coordinates"":[76.3685179236889,9.874325009205288]}"
1583,-0.012397854588925838,32.17314470000002,"{""type"":""Point"",""coordinates"":[76.27035768004961,9.994859798901196]}"
1584,0.3603481948375702,35.31601409000004,"{""type"":""Point"",""coordinates"":[76.38228705311299,9.907835762396786]}"
1585,0.22751770913600922,35.47153400000002,"{""type"":""Point"",""coordinates"":[76.36117389174422,9.90679592145234]}"
1586,0.3544181287288666,35.31601409000001,"{""type"":""Point"",""coordinates"":[76.39639165004195,9.911503042844213]}"
1587,-0.011906370520591736,30.134295770000023,"{""type"":""Point"",""coordinates"":[76.19695711445574,9.882621436345023]}"
1588,0.27390235662460327,35.89536848,"{""type"":""Point"",""coordinates"":[76.31705196544904,9.942615488380394]}"
1589,0.2832970917224884,33.253239020000024,"{""type"":""Point"",""coordinates"":[76.31273661337234,9.806640257034273]}"
1590,-0.009517351165413857,30.026628140000014,"{""type"":""Point"",""coordinates"":[76.23055393111302,9.832158873515832]}"
1591,-0.014658564701676369,29.95143170000003,"{""type"":""Point"",""coordinates"":[76.19032503393227,9.913108469919598]}"
1592,-0.009526255540549755,29.79591179000002,"{""type"":""Point"",""coordinates"":[76.14545013235436,9.873777798632256]}"
1593,-0.008470460772514343,29.983902889999996,"{""type"":""Point"",""coordinates"":[76.20154965347942,9.825308933863914]}"
1594,-0.028790384531021118,30.993927799999994,"{""type"":""Point"",""coordinates"":[76.37044270154776,9.86275854037799]}"
1595,0.030853811651468277,31.13064860000003,"{""type"":""Point"",""coordinates"":[76.26832153686497,10.04580828289622]}"
1596,-0.018612688407301903,29.594248610000022,"{""type"":""Point"",""coordinates"":[76.16175314466656,9.992063241028825]}"
1597,0.19180412590503693,36.00816314000002,"{""type"":""Point"",""coordinates"":[76.30020907629137,9.955866525340717]}"
1598,-0.030317166820168495,30.501732919999995,"{""type"":""Point"",""coordinates"":[76.34358346330575,9.865111374109297]}"
1599,-0.014159240759909153,30.226582310000026,"{""type"":""Point"",""coordinates"":[76.22890273043697,9.893323597360608]}"
1600,0.20089183747768402,34.95883100000003,"{""type"":""Point"",""coordinates"":[76.30872469746772,9.825484645724242]}"
1601,-0.029300548136234283,30.320577860000014,"{""type"":""Point"",""coordinates"":[76.23428974935925,9.967436451339204]}"
1602,-0.008970513939857483,29.905288430000013,"{""type"":""Point"",""coordinates"":[76.21956276420282,9.812239353649954]}"
1603,0.18904973566532135,37.17028994000003,"{""type"":""Point"",""coordinates"":[76.32984189123526,10.018317722138159]}"
1604,0.19559824466705322,36.08848661000002,"{""type"":""Point"",""coordinates"":[76.22595119247218,10.017357482857784]}"
1605,-0.014847168698906898,29.652354950000017,"{""type"":""Point"",""coordinates"":[76.15909487816297,9.979426817000915]}"
1606,0.30263304710388184,35.25619874000003,"{""type"":""Point"",""coordinates"":[76.37021471130974,9.92418893993964]}"
1607,0.27835962176322937,32.81231444000002,"{""type"":""Point"",""coordinates"":[76.34699731091456,9.92301210934487]}"
1608,0.3372524082660675,34.91439674000003,"{""type"":""Point"",""coordinates"":[76.36487904640761,9.933266181574686]}"
1609,0.29699718952178955,34.40169374000004,"{""type"":""Point"",""coordinates"":[76.29866468430389,9.828591601379678]}"
1610,0.2764730155467987,32.63457740000004,"{""type"":""Point"",""coordinates"":[76.36739927200317,9.84432336589461]}"
1611,0.3214251697063446,35.02206437000001,"{""type"":""Point"",""coordinates"":[76.27796754960893,9.996428490383266]}"
1612,0.18771840631961823,36.12950285000002,"{""type"":""Point"",""coordinates"":[76.27640479149282,10.003144162844869]}"
1613,0.3023821711540222,34.398275720000015,"{""type"":""Point"",""coordinates"":[76.35523525438745,9.946135994050298]}"
1614,-0.037713758647441864,30.42653647999998,"{""type"":""Point"",""coordinates"":[76.21523271991634,9.95716263510303]}"
1615,-0.032779477536678314,30.602564510000008,"{""type"":""Point"",""coordinates"":[76.34014045295507,9.861747376742583]}"
1616,-0.03627091273665428,30.16334893999999,"{""type"":""Point"",""coordinates"":[76.22881768370986,9.953978654392419]}"
1617,0.19338910281658173,37.38220718000002,"{""type"":""Point"",""coordinates"":[76.27380374159901,10.010723845182323]}"
1618,0.14683067798614502,37.891492159999984,"{""type"":""Point"",""coordinates"":[76.39108510110958,9.92785080585623]}"
1619,-0.029857449233531952,30.27614360000001,"{""type"":""Point"",""coordinates"":[76.27124152005166,9.797674273633994]}"
1620,0.34714359045028687,33.51642656000001,"{""type"":""Point"",""coordinates"":[76.37944525915402,9.98751325662413]}"
1621,0.17862701416015625,37.387334210000006,"{""type"":""Point"",""coordinates"":[76.33444498538168,10.028132587436579]}"
1622,0.259043425321579,35.621926880000046,"{""type"":""Point"",""coordinates"":[76.27132544956123,10.039867380133476]}"
1623,-2.976701807710924E-6,31.062288200000012,"{""type"":""Point"",""coordinates"":[76.21519896161463,10.026892549151967]}"
1624,0.17599481344223022,38.065811180000026,"{""type"":""Point"",""coordinates"":[76.31002554700504,9.989807078372015]}"
1625,0.11879853904247284,36.01158115999999,"{""type"":""Point"",""coordinates"":[76.25026774159997,9.921139715300045]}"
1626,-0.01749999262392521,29.862563180000024,"{""type"":""Point"",""coordinates"":[76.16627272218098,9.980532308770151]}"
1627,-0.017531249672174454,29.84376407000002,"{""type"":""Point"",""coordinates"":[76.1684811446855,10.016913422112797]}"
1628,-0.015005734749138355,29.806165850000014,"{""type"":""Point"",""coordinates"":[76.1614588017097,10.006038860171]}"
1629,-0.023108281195163727,29.884780310000025,"{""type"":""Point"",""coordinates"":[76.18813068125134,10.021611327333854]}"
1630,0.27551719546318054,34.5657587,"{""type"":""Point"",""coordinates"":[76.25496019118145,10.022244201995553]}"
1631,-0.015100515447556973,30.006120020000026,"{""type"":""Point"",""coordinates"":[76.25051354913066,9.832892728656978]}"
1632,-0.01343549881130457,30.122332700000015,"{""type"":""Point"",""coordinates"":[76.23755914849794,9.847905489909788]}"
1633,0.05877946689724922,31.940719340000044,"{""type"":""Point"",""coordinates"":[76.29558594922598,9.872917971179039]}"
1634,0.023037197068333626,31.42459832000003,"{""type"":""Point"",""coordinates"":[76.2934898167985,9.831509660788985]}"
1635,0.39054396748542786,32.67217562000002,"{""type"":""Point"",""coordinates"":[76.35580119416137,9.939297689064688]}"
1636,0.36923593282699585,32.62603235000003,"{""type"":""Point"",""coordinates"":[76.326489715901,9.811210225613497]}"
1637,-0.019012244418263435,30.125750720000042,"{""type"":""Point"",""coordinates"":[76.21704121625629,9.925674640841324]}"
1638,0.23041874170303345,36.01158115999999,"{""type"":""Point"",""coordinates"":[76.27256745632141,9.90279891856482]}"
1639,0.001332526677288115,31.445106440000018,"{""type"":""Point"",""coordinates"":[76.31719040086685,9.876750960578528]}"
1640,-0.02830747701227665,30.494896880000056,"{""type"":""Point"",""coordinates"":[76.24389812381723,10.032972265377596]}"
1641,0.2717859447002411,37.71033710000006,"{""type"":""Point"",""coordinates"":[76.31095684515896,10.044552426674887]}"
1642,-0.030110012739896774,30.224873300000013,"{""type"":""Point"",""coordinates"":[76.23091620370651,9.966707671053426]}"
1643,-0.007445559371262789,29.92237853000003,"{""type"":""Point"",""coordinates"":[76.20378563501113,9.824939652187693]}"
1644,-0.024353597313165665,30.03004616000004,"{""type"":""Point"",""coordinates"":[76.23605772503215,9.909710503394786]}"
1645,-0.008020483888685703,31.28616851000001,"{""type"":""Point"",""coordinates"":[76.23309857597812,10.044112650638331]}"
1646,0.19604067504405975,35.84068016000003,"{""type"":""Point"",""coordinates"":[76.2790090363769,9.93221549303058]}"
1647,-0.041143253445625305,30.551294210000037,"{""type"":""Point"",""coordinates"":[76.26890370443188,9.89061504364058]}"
1648,-0.02361595444381237,29.95997675000001,"{""type"":""Point"",""coordinates"":[76.18300383844297,10.000320268001234]}"
1649,0.3464146852493286,34.97079407000004,"{""type"":""Point"",""coordinates"":[76.38988733156597,9.949571198617635]}"
1650,-0.03331749886274338,30.882842149999988,"{""type"":""Point"",""coordinates"":[76.3580966923603,9.862251435886401]}"
1651,-0.01762760803103447,29.963394770000036,"{""type"":""Point"",""coordinates"":[76.1823480693215,9.9391442811414]}"
1652,0.3387381434440613,33.58478696,"{""type"":""Point"",""coordinates"":[76.30395251331096,9.80528023547595]}"
1653,0.21347276866436005,35.22201854000002,"{""type"":""Point"",""coordinates"":[76.32430013947408,9.894980353572583]}"
1654,-0.008013573475182056,30.043718240000032,"{""type"":""Point"",""coordinates"":[76.23118325488858,9.808436941454923]}"
1655,0.2691764235496521,32.16289064000006,"{""type"":""Point"",""coordinates"":[76.2624102253782,10.056260044888422]}"
1656,0.3234005868434906,32.70293780000003,"{""type"":""Point"",""coordinates"":[76.37417021638925,9.901876028257576]}"
1657,-0.01980261690914631,30.026628140000014,"{""type"":""Point"",""coordinates"":[76.21292595565122,9.929502933554673]}"
1658,0.0889798179268837,37.737681260000045,"{""type"":""Point"",""coordinates"":[76.32232224760455,9.937544428139887]}"
1659,-0.03130581974983215,30.53933114000006,"{""type"":""Point"",""coordinates"":[76.34869236443379,9.887346655415469]}"
1660,0.0643644854426384,31.222935140000033,"{""type"":""Point"",""coordinates"":[76.20913997485962,10.051342722968846]}"
1661,0.16204659640789032,33.72663479000002,"{""type"":""Point"",""coordinates"":[76.30452977140307,9.827718739701915]}"
1662,0.2540258765220642,33.14044436000006,"{""type"":""Point"",""coordinates"":[76.35920660918597,9.980048999635985]}"
1663,-0.03880494460463524,30.139422800000034,"{""type"":""Point"",""coordinates"":[76.20712784459943,9.971299220371794]}"
1664,0.2961283326148987,35.464697960000024,"{""type"":""Point"",""coordinates"":[76.38057121334745,9.91172174348173]}"
1665,0.010605311021208763,30.662379859999987,"{""type"":""Point"",""coordinates"":[76.2514407207906,10.047269220515188]}"
1666,0.27569884061813354,33.677073500000034,"{""type"":""Point"",""coordinates"":[76.28317685590144,10.030704985201615]}"
1667,-0.012110276147723198,29.775403670000003,"{""type"":""Point"",""coordinates"":[76.15591290719365,9.948384258213926]}"
1668,0.15518249571323395,36.66955001000002,"{""type"":""Point"",""coordinates"":[76.31902794314404,9.953512653833467]}"
1669,-0.03504606708884239,30.255635480000024,"{""type"":""Point"",""coordinates"":[76.22523423792671,9.953897156968184]}"
1670,0.26977020502090454,34.921232780000025,"{""type"":""Point"",""coordinates"":[76.35919277795092,9.943840819609516]}"
1671,0.20520919561386108,35.25961676,"{""type"":""Point"",""coordinates"":[76.21794235959777,10.054361807312915]}"
1672,-0.020990561693906784,29.90870645000001,"{""type"":""Point"",""coordinates"":[76.17954220530176,9.996809899663113]}"
1673,-0.021513106301426888,29.930923580000012,"{""type"":""Point"",""coordinates"":[76.17431121811137,9.98244005729601]}"
1674,0.28863707184791565,31.94755538000004,"{""type"":""Point"",""coordinates"":[76.33613834282085,9.933087074123558]}"
1675,0.31340327858924866,36.32945702000001,"{""type"":""Point"",""coordinates"":[76.23505929552383,9.99695654809508]}"
1676,0.2270841896533966,35.30746904000003,"{""type"":""Point"",""coordinates"":[76.32470976427562,9.942907279552365]}"
1677,-0.008096828125417233,30.030046159999984,"{""type"":""Point"",""coordinates"":[76.20913627380486,9.84605613584348]}"
1678,-0.031372494995594025,30.594019460000027,"{""type"":""Point"",""coordinates"":[76.24194857750204,10.035735418778781]}"
1679,-0.013068013824522495,29.937759620000037,"{""type"":""Point"",""coordinates"":[76.15925228385784,10.011074185191921]}"
1680,0.0905267745256424,39.757731079999985,"{""type"":""Point"",""coordinates"":[76.25759383978955,9.949825114518685]}"
1681,0.2611179053783417,33.32843546000004,"{""type"":""Point"",""coordinates"":[76.27537165705232,10.06081921186401]}"
1682,0.23732607066631317,36.90539339000003,"{""type"":""Point"",""coordinates"":[76.39027129104605,9.927810396041325]}"
1683,0.10587625205516815,36.24058850000003,"{""type"":""Point"",""coordinates"":[76.23346488923679,10.030812114638808]}"
1684,0.20262794196605682,34.010330450000026,"{""type"":""Point"",""coordinates"":[76.31124526005057,9.850410196648607]}"
1685,0.31617897748947144,35.591164700000036,"{""type"":""Point"",""coordinates"":[76.38481831590428,9.922462598416919]}"
1686,0.10631543397903442,39.265536200000014,"{""type"":""Point"",""coordinates"":[76.28801428054113,9.96514578285735]}"
1687,0.14989350736141205,31.937301320000017,"{""type"":""Point"",""coordinates"":[76.35634572591923,9.990123915842888]}"
1688,0.28593480587005615,36.649041890000035,"{""type"":""Point"",""coordinates"":[76.30531304075431,9.960059491045657]}"
1689,-0.013472605496644974,30.18043904000004,"{""type"":""Point"",""coordinates"":[76.22831463465549,9.886612489431686]}"
1690,0.25633782148361206,34.921232780000025,"{""type"":""Point"",""coordinates"":[76.32910267706785,9.843469774382507]}"
1691,-0.03163515031337738,30.713650160000043,"{""type"":""Point"",""coordinates"":[76.36812190245409,9.8706921564714]}"
1692,-0.006748064421117306,29.992447940000005,"{""type"":""Point"",""coordinates"":[76.1991605875762,9.84197168844334]}"
1693,0.03439803794026375,32.091112220000014,"{""type"":""Point"",""coordinates"":[76.26101225754213,10.040731805443063]}"
1694,0.3004342317581177,34.67855336000002,"{""type"":""Point"",""coordinates"":[76.33501369902271,9.828616274876097]}"
1695,0.11342912912368774,38.10682742000006,"{""type"":""Point"",""coordinates"":[76.31969633365904,10.054817326452671]}"
1696,0.24406437575817108,34.51790642,"{""type"":""Point"",""coordinates"":[76.29241445217143,9.897825156286604]}"
1697,0.3155197203159332,36.204699290000036,"{""type"":""Point"",""coordinates"":[76.32339535329238,9.994527955058865]}"
1698,0.2490675002336502,38.648583590000015,"{""type"":""Point"",""coordinates"":[76.37154464014849,10.010900893990348]}"
1699,0.2990613281726837,34.61361098000003,"{""type"":""Point"",""coordinates"":[76.30681508724221,9.862782106549567]}"
1700,-0.02178936079144478,30.207783199999994,"{""type"":""Point"",""coordinates"":[76.17362589790572,10.013974013478235]}"
1701,-0.010912381112575531,30.086443490000022,"{""type"":""Point"",""coordinates"":[76.22275748681194,9.856390806008681]}"
1702,-0.011978310532867908,30.294942710000043,"{""type"":""Point"",""coordinates"":[76.23756365958621,9.970137756972548]}"
1703,-0.02960258536040783,30.31545083000003,"{""type"":""Point"",""coordinates"":[76.30380724382418,9.89666654513768]}"
1704,-0.008029447868466377,29.987320910000022,"{""type"":""Point"",""coordinates"":[76.18382756845354,9.875086951142304]}"
1705,0.07532145082950592,31.991989640000043,"{""type"":""Point"",""coordinates"":[76.28849504687112,9.828031518965592]}"
1706,-0.02975280210375786,30.074480420000043,"{""type"":""Point"",""coordinates"":[76.23401063167877,9.938556524598368]}"
1707,-0.00861369725316763,29.87794427000003,"{""type"":""Point"",""coordinates"":[76.17389161554844,9.879897156370774]}"
1708,-0.009866828098893166,29.777112680000016,"{""type"":""Point"",""coordinates"":[76.14054702150604,9.902252525318822]}"
1709,-0.011465129442512989,32.30644748,"{""type"":""Point"",""coordinates"":[76.26600588539765,9.946983469847249]}"
1710,-0.01281703170388937,30.136004780000007,"{""type"":""Point"",""coordinates"":[76.21612947699566,9.91578553981209]}"
1711,-0.018868254497647285,29.771985650000033,"{""type"":""Point"",""coordinates"":[76.16728369109462,9.97107590764699]}"
1712,0.22673748433589935,36.63024278000003,"{""type"":""Point"",""coordinates"":[76.35671155047062,9.929766757536836]}"
1713,-0.01434287615120411,29.924087540000016,"{""type"":""Point"",""coordinates"":[76.20107846038242,9.916887228994279]}"
1714,-0.011001345701515675,30.252217460000054,"{""type"":""Point"",""coordinates"":[76.20703254595612,9.885644570556586]}"
1715,-0.026056086644530296,29.782239710000027,"{""type"":""Point"",""coordinates"":[76.18166360890059,9.976563640246711]}"
1716,0.26777637004852295,37.619759570000014,"{""type"":""Point"",""coordinates"":[76.36274203001815,9.925555278715027]}"
1717,0.07013371586799622,44.66258978000002,"{""type"":""Point"",""coordinates"":[76.28957697526745,9.953055333382958]}"
1718,-0.025488441810011864,29.82154694000002,"{""type"":""Point"",""coordinates"":[76.18221690866875,9.954669953819016]}"
1719,-0.02041909098625183,30.247090430000014,"{""type"":""Point"",""coordinates"":[76.23747187059277,9.885594582717262]}"
1720,0.2689806818962097,34.68538940000002,"{""type"":""Point"",""coordinates"":[76.26976105396912,10.054063886497273]}"
1721,-0.010961641557514668,29.86427219000001,"{""type"":""Point"",""coordinates"":[76.15261794255481,9.95027537483176]}"
1722,-0.015892719849944115,29.768567630000007,"{""type"":""Point"",""coordinates"":[76.25275332217323,9.82519612325176]}"
1723,0.2970214784145355,32.55254492000006,"{""type"":""Point"",""coordinates"":[76.2997851114218,9.836213673206387]}"
1724,-0.03030433878302574,30.286397660000006,"{""type"":""Point"",""coordinates"":[76.19937444514854,9.947102719928703]}"
1725,-0.03787382319569588,30.105242599999997,"{""type"":""Point"",""coordinates"":[76.20783718677343,9.985123822130294]}"
1726,-0.007910402491688728,29.742932480000036,"{""type"":""Point"",""coordinates"":[76.15358282105154,9.920426418052896]}"
1727,0.08608805388212204,35.498878160000004,"{""type"":""Point"",""coordinates"":[76.33297614497303,9.926855354710552]}"
1728,-0.018177716061472893,30.11207864000005,"{""type"":""Point"",""coordinates"":[76.25508432136412,9.836121890217257]}"
1729,0.31187567114830017,34.627283060000025,"{""type"":""Point"",""coordinates"":[76.38548146358158,9.935994336305995]}"
1730,0.13064652681350708,35.35532132000003,"{""type"":""Point"",""coordinates"":[76.2416780308941,9.972767827203787]}"
1731,0.2309953272342682,34.27522700000003,"{""type"":""Point"",""coordinates"":[76.31305904633606,9.842836257690887]}"
1732,-0.0038098921068012714,30.575220350000023,"{""type"":""Point"",""coordinates"":[76.25447022263288,10.05878337352253]}"
1733,-0.013758302666246891,29.50708910000003,"{""type"":""Point"",""coordinates"":[76.1510633194257,9.993543301751451]}"
1734,0.17991945147514343,38.28285545,"{""type"":""Point"",""coordinates"":[76.28927999420752,9.994484318767592]}"
1735,-0.020927803590893745,29.913833479999994,"{""type"":""Point"",""coordinates"":[76.18170074083427,9.954009019356874]}"
1736,-0.026714595034718513,30.204365180000025,"{""type"":""Point"",""coordinates"":[76.27310342297196,9.891923926203672]}"
1737,-0.014841008000075817,29.87794427,"{""type"":""Point"",""coordinates"":[76.16285152957664,10.015704278446398]}"
1738,0.12612146139144897,39.23819204000006,"{""type"":""Point"",""coordinates"":[76.3642573177109,9.976129174077027]}"
1739,0.18040570616722107,37.30359271999998,"{""type"":""Point"",""coordinates"":[76.32797850214499,10.017412060026727]}"
1740,0.35704419016838074,30.91531334000001,"{""type"":""Point"",""coordinates"":[76.31989079252696,9.87229559723429]}"
1741,0.019920002669095993,32.01249776000003,"{""type"":""Point"",""coordinates"":[76.36702113763728,9.884085635405597]}"
1742,0.3004644513130188,34.70589752000001,"{""type"":""Point"",""coordinates"":[76.30584337504696,9.872928624813863]}"
1743,-0.007204012479633093,29.93946863000002,"{""type"":""Point"",""coordinates"":[76.18342626596129,9.858561055046755]}"
1744,0.1791185885667801,36.69005813000001,"{""type"":""Point"",""coordinates"":[76.2937422443013,9.979978944004495]}"
1745,-0.007966565899550915,29.92579655,"{""type"":""Point"",""coordinates"":[76.17308038836524,9.886662616203468]}"
1746,-0.008003344759345055,29.830091990000028,"{""type"":""Point"",""coordinates"":[76.17119788102285,9.889553525341151]}"
1747,-0.011980694718658924,29.96510378000005,"{""type"":""Point"",""coordinates"":[76.2418891978562,9.821146106295199]}"
1748,-0.009142481721937656,29.910415460000024,"{""type"":""Point"",""coordinates"":[76.18817681008292,9.883037105679515]}"
1749,0.19717322289943695,33.70441765999999,"{""type"":""Point"",""coordinates"":[76.29663383011716,10.055604708723044]}"
1750,-0.007983511313796043,30.012956060000022,"{""type"":""Point"",""coordinates"":[76.18646663315907,9.885575493242248]}"
1751,-0.034370895475149155,30.771756500000038,"{""type"":""Point"",""coordinates"":[76.2740171499303,9.87724273083561]}"
1752,-0.024326831102371216,29.96852180000002,"{""type"":""Point"",""coordinates"":[76.18311147242842,10.000008003799136]}"
1753,0.19426549971103668,36.80114378000002,"{""type"":""Point"",""coordinates"":[76.32508361103127,9.977777106176376]}"
1754,0.20070189237594604,35.78257382000004,"{""type"":""Point"",""coordinates"":[76.28741956201927,10.047733728108906]}"
1755,0.21860423684120178,37.09167548000002,"{""type"":""Point"",""coordinates"":[76.31233411890048,9.990215934833074]}"
1756,-0.008363661356270313,30.048845270000015,"{""type"":""Point"",""coordinates"":[76.20314427184225,9.843679954422663]}"
1757,0.23790760338306427,36.06456047000003,"{""type"":""Point"",""coordinates"":[76.35978349778163,10.000022427310068]}"
1758,0.3210159242153168,36.196154240000055,"{""type"":""Point"",""coordinates"":[76.35027132486118,10.010446378575196]}"
1759,-0.008629492484033108,30.01637407999999,"{""type"":""Point"",""coordinates"":[76.1777783008319,9.865089343457427]}"
1760,-0.03394601494073868,30.416282420000016,"{""type"":""Point"",""coordinates"":[76.34266606058982,9.868396631028473]}"
1761,-0.007765644229948521,29.68482614000004,"{""type"":""Point"",""coordinates"":[76.13793943480005,9.922244309136573]}"
1762,-0.009815564379096031,30.464134700000045,"{""type"":""Point"",""coordinates"":[76.2387361137835,9.804196503101743]}"
1763,-0.022054029628634453,29.83863704000001,"{""type"":""Point"",""coordinates"":[76.17155772887597,9.976900503660683]}"
1764,-0.01856406033039093,30.282979640000036,"{""type"":""Point"",""coordinates"":[76.23725111503782,9.881797556889333]}"
1765,0.3441266119480133,32.22441500000002,"{""type"":""Point"",""coordinates"":[76.33451049068218,9.929153036584069]}"
1766,-0.0243393387645483,29.898452390000045,"{""type"":""Point"",""coordinates"":[76.19615631523259,10.018017242915883]}"
1767,0.20161472260951996,34.69735247000003,"{""type"":""Point"",""coordinates"":[76.30032244552,10.057061741851212]}"
1768,-0.033651649951934814,31.366491979999978,"{""type"":""Point"",""coordinates"":[76.26237482540215,9.867324004498446]}"
1769,0.1744215190410614,37.43347748000002,"{""type"":""Point"",""coordinates"":[76.33771176469766,10.03748005304233]}"
1770,-0.014166133478283882,29.754895550000015,"{""type"":""Point"",""coordinates"":[76.15213517884091,9.962524379646819]}"
1771,-0.031803760677576065,29.983902890000024,"{""type"":""Point"",""coordinates"":[76.24353858306824,9.901038524695968]}"
1772,-0.025069570168852806,29.81812892000005,"{""type"":""Point"",""coordinates"":[76.17904840016831,9.97315294813276]}"
1773,0.1813993901014328,36.53795624000003,"{""type"":""Point"",""coordinates"":[76.34738644705624,9.994682646676077]}"
1774,-0.025194738060235977,30.17189399000003,"{""type"":""Point"",""coordinates"":[76.26398796586825,9.980491382633314]}"
1775,-0.0079794991761446,29.83521902000004,"{""type"":""Point"",""coordinates"":[76.22328754281742,9.815315993989381]}"
1776,0.21387606859207153,37.98036067999999,"{""type"":""Point"",""coordinates"":[76.24363598733372,9.949863789837417]}"
1777,0.307734876871109,34.93832287999999,"{""type"":""Point"",""coordinates"":[76.30422099199855,9.8450740452362]}"
1778,0.34376060962677,32.57818007000003,"{""type"":""Point"",""coordinates"":[76.37876146680723,9.882353160847241]}"
1779,0.13748234510421753,36.01158115999999,"{""type"":""Point"",""coordinates"":[76.26527220378055,9.987148978951188]}"
1780,0.12818129360675812,37.28137559000001,"{""type"":""Point"",""coordinates"":[76.33457404139484,10.016592025874903]}"
1781,-0.016815688461065292,29.725842380000017,"{""type"":""Point"",""coordinates"":[76.15619032393865,9.96666508364196]}"
1782,-0.022610925137996674,29.857436150000012,"{""type"":""Point"",""coordinates"":[76.18070241983224,9.994476875795469]}"
1783,-0.010600163601338863,29.773694660000018,"{""type"":""Point"",""coordinates"":[76.16046552024571,9.914582383035018]}"
1784,0.26973962783813477,35.89878650000003,"{""type"":""Point"",""coordinates"":[76.36761744011282,10.01374173102164]}"
1785,0.16078200936317444,36.886594280000054,"{""type"":""Point"",""coordinates"":[76.29185887383746,10.02753502208575]}"
1786,0.28630587458610535,33.48566438,"{""type"":""Point"",""coordinates"":[76.38587856034486,9.884482958553852]}"
1787,0.23031017184257507,40.97283719000001,"{""type"":""Point"",""coordinates"":[76.36978437524209,9.970477361033234]}"
1788,0.21272030472755432,36.76354556000001,"{""type"":""Point"",""coordinates"":[76.3686863216141,9.899933278414045]}"
1789,0.33001381158828735,32.77984325000003,"{""type"":""Point"",""coordinates"":[76.33641383367268,9.984025108651405]}"
1790,-0.009609739296138287,29.807874860000027,"{""type"":""Point"",""coordinates"":[76.15161619196877,9.869976029533392]}"
1791,-0.007948986254632473,30.08131646000001,"{""type"":""Point"",""coordinates"":[76.21269171592533,9.851914181023487]}"
1792,-0.007819066755473614,30.07277141,"{""type"":""Point"",""coordinates"":[76.20832261857048,9.846297816293001]}"
1793,0.2450575828552246,34.97763011000001,"{""type"":""Point"",""coordinates"":[76.30353864641987,9.983460252632156]}"
1794,-0.021496852859854698,29.807874860000027,"{""type"":""Point"",""coordinates"":[76.17222681934689,9.974363773614794]}"
1795,-0.00912399496883154,29.869399220000048,"{""type"":""Point"",""coordinates"":[76.17291792332665,9.871989826739334]}"
1796,0.3151461184024811,33.01397761999999,"{""type"":""Point"",""coordinates"":[76.32021519309983,9.867748181149535]}"
1797,-0.011730295605957508,29.437019690000056,"{""type"":""Point"",""coordinates"":[76.15436366322831,9.986749270547381]}"
1798,-0.006391733884811401,29.97877586000004,"{""type"":""Point"",""coordinates"":[76.21346909337775,9.841831443249491]}"
1799,-0.008061069063842297,29.930923580000012,"{""type"":""Point"",""coordinates"":[76.19980226136789,9.830459363302827]}"
1800,0.008403170853853226,31.11355850000001,"{""type"":""Point"",""coordinates"":[76.36886648517505,9.8441924981478]}"
1801,-0.008527935482561588,31.40409020000004,"{""type"":""Point"",""coordinates"":[76.28322262721316,9.928055391129423]}"
1802,-0.013174631632864475,30.320577860000014,"{""type"":""Point"",""coordinates"":[76.24680122728086,9.831756689088307]}"
1803,0.2930075526237488,35.902204520000055,"{""type"":""Point"",""coordinates"":[76.28293786840626,10.048534080738893]}"
1804,-0.010018769651651382,29.90870645000004,"{""type"":""Point"",""coordinates"":[76.15158823859889,9.868378346177309]}"
1805,0.12342613190412521,38.67080071999999,"{""type"":""Point"",""coordinates"":[76.33932829749524,10.018192572162263]}"
1806,0.1732228398323059,36.380727320000005,"{""type"":""Point"",""coordinates"":[76.32929919877785,9.932923674992269]}"
1807,0.3059576153755188,34.36067750000001,"{""type"":""Point"",""coordinates"":[76.3619217620245,9.841223967419896]}"
1808,-0.02728172205388546,30.37868420000001,"{""type"":""Point"",""coordinates"":[76.29716331353191,9.90677809799431]}"
1809,0.15043479204177856,37.95814355000002,"{""type"":""Point"",""coordinates"":[76.29364607812467,9.99525430786029]}"
1810,0.06891334056854248,31.322057720000032,"{""type"":""Point"",""coordinates"":[76.2490859023205,10.021843477085493]}"
1811,-0.022693928331136703,30.334249940000007,"{""type"":""Point"",""coordinates"":[76.28962920858392,9.840266468478946]}"
1812,-0.016297070309519768,30.08815249999998,"{""type"":""Point"",""coordinates"":[76.25077687420722,9.850319341988213]}"
1813,0.2246169149875641,38.22987613999999,"{""type"":""Point"",""coordinates"":[76.32262506198077,10.025929015091194]}"
1814,-0.016363851726055145,29.854018130000043,"{""type"":""Point"",""coordinates"":[76.18957441501419,9.921519947699275]}"
1815,-0.03304247930645943,30.476097770000024,"{""type"":""Point"",""coordinates"":[76.35020716392864,9.890326295157907]}"
1816,-0.01982950232923031,29.746350500000005,"{""type"":""Point"",""coordinates"":[76.17148672214742,9.963092766001356]}"
1817,-0.008860057219862938,30.12916874000004,"{""type"":""Point"",""coordinates"":[76.22617910114532,9.833953847162407]}"
1818,0.22224143147468567,34.17268640000003,"{""type"":""Point"",""coordinates"":[76.25459506383355,9.907852995262623]}"
1819,-0.030944498255848885,30.623072630000024,"{""type"":""Point"",""coordinates"":[76.24404798448033,10.057521328869342]}"
1820,-0.04351088032126427,30.37526618000004,"{""type"":""Point"",""coordinates"":[76.25716982525518,9.887986710623718]}"
1821,-0.01326317060738802,29.64210089000005,"{""type"":""Point"",""coordinates"":[76.15985962811702,9.982843203220073]}"
1822,-0.00917444285005331,30.04200923000002,"{""type"":""Point"",""coordinates"":[76.23050269050604,9.808574713403313]}"
1823,0.19304628670215607,36.87975824,"{""type"":""Point"",""coordinates"":[76.2837273687051,10.016038060820621]}"
1824,-0.01758427917957306,29.70533426000003,"{""type"":""Point"",""coordinates"":[76.1594766613164,9.995385511776703]}"
1825,0.16606631875038147,32.88409286000001,"{""type"":""Point"",""coordinates"":[76.25032151566596,9.992203592519564]}"
1826,-0.021990282461047173,30.12404171,"{""type"":""Point"",""coordinates"":[76.2458654976426,9.88293828346634]}"
1827,-0.03359658271074295,30.11207864000005,"{""type"":""Point"",""coordinates"":[76.20426376205658,9.992224432991174]}"
1828,-0.007789019029587507,29.971939820000046,"{""type"":""Point"",""coordinates"":[76.18754331310961,9.88710084746639]}"
1829,0.0126638850197196,30.44362658000003,"{""type"":""Point"",""coordinates"":[76.33589925081313,9.907172024988112]}"
1830,0.3141404986381531,33.11651822000002,"{""type"":""Point"",""coordinates"":[76.40205887935177,9.919713837731248]}"
1831,-0.007463428191840649,29.83521902000001,"{""type"":""Point"",""coordinates"":[76.17885586419735,9.889228838284607]}"
1832,-0.023004792630672455,29.97877586000004,"{""type"":""Point"",""coordinates"":[76.17198534034655,9.957991581336776]}"
1833,-0.01785806566476822,30.214619240000047,"{""type"":""Point"",""coordinates"":[76.25526808676494,9.835566729722423]}"
1834,-0.011908154934644699,31.093050380000022,"{""type"":""Point"",""coordinates"":[76.29217376381634,9.94014883294529]}"
1835,-0.010048415511846542,29.872817240000018,"{""type"":""Point"",""coordinates"":[76.15817280284575,9.937069206340217]}"
1836,-0.020662639290094376,30.156512900000052,"{""type"":""Point"",""coordinates"":[76.17018171019082,10.011306721751554]}"
1837,0.002228222554549575,30.696560060000024,"{""type"":""Point"",""coordinates"":[76.24415279988061,9.979944546399215]}"
1838,-0.039073143154382706,30.16334893999999,"{""type"":""Point"",""coordinates"":[76.20699313136672,9.97060484775311]}"
1839,-0.019052041694521904,30.23512735999998,"{""type"":""Point"",""coordinates"":[76.2530230295348,9.854021851227843]}"
1840,-0.010185140185058117,29.754895550000015,"{""type"":""Point"",""coordinates"":[76.1700996394661,9.914302874736444]}"
1841,0.04652690514922142,31.369910000000004,"{""type"":""Point"",""coordinates"":[76.26078116270749,10.029275238375636]}"
1842,0.3187997043132782,34.087235899999996,"{""type"":""Point"",""coordinates"":[76.37721696655953,9.90557581140423]}"
1843,-0.03967665880918503,30.549585200000024,"{""type"":""Point"",""coordinates"":[76.26170986812167,9.862621088264786]}"
1844,0.2322784960269928,37.38220718000002,"{""type"":""Point"",""coordinates"":[76.27661644155167,10.020485756773688]}"
1845,-0.019661029800772667,29.76514961000001,"{""type"":""Point"",""coordinates"":[76.16672938311186,9.973679588219104]}"
1846,-0.03382400795817375,30.501732919999995,"{""type"":""Point"",""coordinates"":[76.24027219464577,10.051981702398589]}"
1847,0.25862088799476624,35.64072599000002,"{""type"":""Point"",""coordinates"":[76.23562597002808,9.997710806749966]}"
1848,0.18368744850158691,34.40169374000004,"{""type"":""Point"",""coordinates"":[76.26709912857045,10.030288381206486]}"
1849,0.31779396533966064,33.70954469000003,"{""type"":""Point"",""coordinates"":[76.36442741888257,9.854362410672037]}"
1850,-0.008150208741426468,30.02833715,"{""type"":""Point"",""coordinates"":[76.21815372590154,9.830797112638407]}"
1851,0.15041889250278473,37.35828104000001,"{""type"":""Point"",""coordinates"":[76.29254856119907,9.988736719679236]}"
1852,-0.039809972047805786,30.33595895000002,"{""type"":""Point"",""coordinates"":[76.20038345922993,10.043312584884017]}"
1853,0.22694219648838043,35.362157360000026,"{""type"":""Point"",""coordinates"":[76.27228143080556,10.02542527980656]}"
1854,-0.01973382756114006,29.96510378000002,"{""type"":""Point"",""coordinates"":[76.26408383653985,9.809214502385336]}"
1855,-0.01523920614272356,29.768567630000035,"{""type"":""Point"",""coordinates"":[76.25481816648856,9.813191114933652]}"
1856,-0.02188415452837944,29.96852180000002,"{""type"":""Point"",""coordinates"":[76.17545385111039,9.983702928538076]}"
1857,0.24114695191383362,34.347005420000016,"{""type"":""Point"",""coordinates"":[76.31321281720756,9.841166283066121]}"
1858,-0.021197987720370293,29.92921457,"{""type"":""Point"",""coordinates"":[76.18084599490304,10.023865861895306]}"
1859,0.3667253255844116,33.95564213,"{""type"":""Point"",""coordinates"":[76.36192284847401,9.960819640394702]}"
1860,0.17087125778198242,34.994720210000025,"{""type"":""Point"",""coordinates"":[76.27304370539996,10.012723969966949]}"
1861,0.08202231675386429,38.41274021000001,"{""type"":""Point"",""coordinates"":[76.36158068590251,9.968573582292331]}"
1862,0.3428727686405182,33.555733790000005,"{""type"":""Point"",""coordinates"":[76.3087258283241,10.052434524963578]}"
1863,-0.018007200211286545,30.144549830000017,"{""type"":""Point"",""coordinates"":[76.23408156411303,9.886626383856667]}"
1864,-0.018908582627773285,29.819837930000006,"{""type"":""Point"",""coordinates"":[76.17713912653758,10.0292922834517]}"
1865,-0.020494796335697174,30.36159410000002,"{""type"":""Point"",""coordinates"":[76.2385178085669,9.879806315235053]}"
1866,0.20380179584026337,33.86164658000001,"{""type"":""Point"",""coordinates"":[76.22007341464113,10.00888456841843]}"
1867,0.30385497212409973,35.02377338000002,"{""type"":""Point"",""coordinates"":[76.37604235268115,9.994076863360341]}"
1868,0.2695363163948059,37.83509483,"{""type"":""Point"",""coordinates"":[76.26992052891737,9.960302437150249]}"
1869,0.20506510138511658,35.948347790000014,"{""type"":""Point"",""coordinates"":[76.30140172848374,9.993517104231199]}"
1870,-0.013061375357210636,29.715588320000023,"{""type"":""Point"",""coordinates"":[76.18248093033463,9.912036155438877]}"
1871,-0.03591355308890343,30.08815249999998,"{""type"":""Point"",""coordinates"":[76.20639047629969,9.987030455309718]}"
1872,-0.015251520089805126,29.90357942,"{""type"":""Point"",""coordinates"":[76.18006785404432,9.930443164334834]}"
1873,0.2637981176376343,34.23079274000003,"{""type"":""Point"",""coordinates"":[76.32108681426531,9.849632951541714]}"
1874,-0.01538790576159954,30.57692936000001,"{""type"":""Point"",""coordinates"":[76.35962139575841,9.89691493729332]}"
1875,0.2886658310890198,34.825528220000024,"{""type"":""Point"",""coordinates"":[76.27757729395603,9.799810319609499]}"
1876,0.27139994502067566,34.177813430000015,"{""type"":""Point"",""coordinates"":[76.35984105230693,9.849004369309064]}"
1877,-0.04042160138487816,30.549585200000024,"{""type"":""Point"",""coordinates"":[76.26752475876545,9.89014899144266]}"
1878,0.18918748199939728,35.345067260000036,"{""type"":""Point"",""coordinates"":[76.28254988982594,9.887736319796932]}"
1879,-0.03868098929524422,30.035173190000023,"{""type"":""Point"",""coordinates"":[76.19746923163082,9.965822368892965]}"
1880,0.16395966708660126,39.07754510000001,"{""type"":""Point"",""coordinates"":[76.3452213903413,10.01803489987812]}"
1881,-0.016393352299928665,29.910415460000024,"{""type"":""Point"",""coordinates"":[76.2518237346919,9.843031922169413]}"
1882,-0.027950245887041092,30.47438876000001,"{""type"":""Point"",""coordinates"":[76.26698290413078,9.838906256816928]}"
1883,-0.009040115401148796,29.700207230000018,"{""type"":""Point"",""coordinates"":[76.1352774641405,9.913739121052007]}"
1884,-0.010954209603369236,29.862563180000024,"{""type"":""Point"",""coordinates"":[76.14788163095709,9.934693473223119]}"
1885,-0.02404647134244442,30.14625884000003,"{""type"":""Point"",""coordinates"":[76.26109276422123,9.976620041181446]}"
1886,-0.01468933466821909,29.922378530000003,"{""type"":""Point"",""coordinates"":[76.16175465287576,10.013265411491917]}"
1887,0.26812276244163513,35.28525191000003,"{""type"":""Point"",""coordinates"":[76.37920457078613,9.874203624091802]}"
1888,-0.010041124187409878,29.823255950000004,"{""type"":""Point"",""coordinates"":[76.16338858288493,9.892939677351702]}"
1889,0.1615312248468399,38.77163231000003,"{""type"":""Point"",""coordinates"":[76.31895789297458,10.051027291889099]}"
1890,-0.011731353588402271,30.040300220000006,"{""type"":""Point"",""coordinates"":[76.20871070938587,9.898590561736125]}"
1891,0.2581275403499603,37.93934444000001,"{""type"":""Point"",""coordinates"":[76.27555462285952,9.957925430790137]}"
1892,-0.05605318769812584,30.21461924000002,"{""type"":""Point"",""coordinates"":[76.27915134871648,9.853164629590418]}"
1893,0.22787223756313324,36.230334440000036,"{""type"":""Point"",""coordinates"":[76.32985209521254,9.938287667251316]}"
1894,-0.010312280617654324,29.732678420000013,"{""type"":""Point"",""coordinates"":[76.16355101478483,9.905068907251913]}"
1895,-0.013461857102811337,31.71513002000006,"{""type"":""Point"",""coordinates"":[76.24959360498829,10.057241025109365]}"
1896,-0.007962892763316631,29.884780310000025,"{""type"":""Point"",""coordinates"":[76.17026102012649,9.87479008059713]}"
1897,-0.01714913360774517,29.953140710000042,"{""type"":""Point"",""coordinates"":[76.18801148459525,9.925731302883571]}"
1898,0.13450604677200317,38.086319300000014,"{""type"":""Point"",""coordinates"":[76.37270462062098,9.966340382802155]}"
1899,0.19817858934402466,37.447149560000014,"{""type"":""Point"",""coordinates"":[76.346908985186,9.94808444477641]}"
1900,-0.01994245871901512,29.905288429999985,"{""type"":""Point"",""coordinates"":[76.16526728945927,10.002767614387965]}"
1901,-0.014179746620357037,29.64551891000002,"{""type"":""Point"",""coordinates"":[76.16044344560875,9.98003858736979]}"
1902,0.1962861865758896,34.825528220000024,"{""type"":""Point"",""coordinates"":[76.21663121476776,10.013222415906839]}"
1903,0.21737119555473328,35.09213378000001,"{""type"":""Point"",""coordinates"":[76.23743965472504,10.004036484554891]}"
1904,-0.06168508902192116,30.122332700000015,"{""type"":""Point"",""coordinates"":[76.279320341491,9.854291440497283]}"
1905,-0.007795791141688824,29.73096941000003,"{""type"":""Point"",""coordinates"":[76.1344774781724,9.906868028753864]}"
1906,-0.013565266504883766,30.306905780000022,"{""type"":""Point"",""coordinates"":[76.24522517432054,9.818880589636308]}"
1907,0.1364804357290268,33.31134536000002,"{""type"":""Point"",""coordinates"":[76.2533810428371,10.018404626554375]}"
1908,0.2066878080368042,37.14807281,"{""type"":""Point"",""coordinates"":[76.3438768003449,9.956624965548265]}"
1909,-0.03135095164179802,30.221455280000015,"{""type"":""Point"",""coordinates"":[76.26526649958863,9.827599994706143]}"
1910,0.09240975975990295,37.94959850000001,"{""type"":""Point"",""coordinates"":[76.29650368336037,9.962116219589467]}"
1911,0.2225039154291153,35.79795490999999,"{""type"":""Point"",""coordinates"":[76.21132980286225,10.041866282229844]}"
1912,-0.01894506812095642,30.98367374000003,"{""type"":""Point"",""coordinates"":[76.35618894604448,9.901948735967046]}"
1913,0.2522188425064087,36.26109662000002,"{""type"":""Point"",""coordinates"":[76.30578721932189,9.860097294713633]}"
1914,0.21815252304077148,33.66681944000004,"{""type"":""Point"",""coordinates"":[76.30506838543887,9.82844169069163]}"
1915,-0.00984159205108881,29.83863704000001,"{""type"":""Point"",""coordinates"":[76.15154585077265,9.896546972765279]}"
1916,-0.011421499773859978,30.026628140000014,"{""type"":""Point"",""coordinates"":[76.2416205271157,9.827769868341145]}"
1917,0.1273166388273239,33.495918440000025,"{""type"":""Point"",""coordinates"":[76.26479597427034,9.858429275602123]}"
1918,0.35115835070610046,33.39508685000001,"{""type"":""Point"",""coordinates"":[76.38042249802119,9.943292009441219]}"
1919,0.38726189732551575,33.936843020000026,"{""type"":""Point"",""coordinates"":[76.39706064597242,9.938812252912353]}"
1920,-0.02175864949822426,30.619654610000026,"{""type"":""Point"",""coordinates"":[76.25258908014291,10.009067481738406]}"
1921,-0.03855334222316742,30.464134700000045,"{""type"":""Point"",""coordinates"":[76.2161323207154,9.955780651155365]}"
1922,-0.039054688066244125,30.036882200000036,"{""type"":""Point"",""coordinates"":[76.20608688261542,10.022065422991531]}"
1923,0.16822634637355804,36.38756336000006,"{""type"":""Point"",""coordinates"":[76.3038598099226,10.054503070610082]}"
1924,-0.0344604067504406,30.35817608000002,"{""type"":""Point"",""coordinates"":[76.20542898769936,10.011908077738198]}"
1925,0.2643905282020569,36.31407593000006,"{""type"":""Point"",""coordinates"":[76.36182958886359,9.997476246169029]}"
1926,0.07249785214662552,32.11162034,"{""type"":""Point"",""coordinates"":[76.25535942314622,9.903382050332187]}"
1927,-0.03859596699476242,30.23170934000001,"{""type"":""Point"",""coordinates"":[76.2131435389922,9.996003593786348]}"
1928,-0.02714826725423336,29.95997675000001,"{""type"":""Point"",""coordinates"":[76.23179598407602,9.938206290891088]}"
1929,0.35976630449295044,31.708293980000036,"{""type"":""Point"",""coordinates"":[76.26225481445843,9.91686275941528]}"
1930,0.21061064302921295,38.60756735000004,"{""type"":""Point"",""coordinates"":[76.33306598110093,9.949588223182479]}"
1931,0.29539406299591064,34.24446482000002,"{""type"":""Point"",""coordinates"":[76.30811414202402,9.917615899025833]}"
1932,-0.007897556759417057,29.93946863000002,"{""type"":""Point"",""coordinates"":[76.18575900650244,9.854900022435485]}"
1933,0.14841938018798828,37.72230017000001,"{""type"":""Point"",""coordinates"":[76.31337513742852,9.995437664537542]}"
1934,0.005581612233072519,31.26395137999998,"{""type"":""Point"",""coordinates"":[76.25722257462756,10.05520412361145]}"
1935,0.3160720467567444,34.97592110000005,"{""type"":""Point"",""coordinates"":[76.34721286832595,9.96203076553043]}"
1936,-0.013506892137229443,30.223164290000028,"{""type"":""Point"",""coordinates"":[76.22558779572606,9.90382354409829]}"
1937,0.2901984453201294,33.46686527,"{""type"":""Point"",""coordinates"":[76.33564287351176,9.865922403219768]}"
1938,0.34830746054649353,33.13019029999998,"{""type"":""Point"",""coordinates"":[76.40089992166615,9.912974246864323]}"
1939,0.20536403357982635,35.263034780000055,"{""type"":""Point"",""coordinates"":[76.28279079169103,10.04100266969902]}"
1940,-0.010694850236177444,29.773694660000046,"{""type"":""Point"",""coordinates"":[76.16407708133994,9.915610183910282]}"
1941,-0.008769089356064796,32.130419450000005,"{""type"":""Point"",""coordinates"":[76.27474902503292,10.006596964538021]}"
1942,-0.015217317268252373,30.717068180000012,"{""type"":""Point"",""coordinates"":[76.27542283822231,9.892764297948089]}"
1943,-0.031292662024497986,30.453880640000023,"{""type"":""Point"",""coordinates"":[76.30198662282498,9.904516803202558]}"
1944,-0.00964209996163845,30.614527580000015,"{""type"":""Point"",""coordinates"":[76.24041361576195,9.800361950561914]}"
1945,0.2194446176290512,35.00668328000003,"{""type"":""Point"",""coordinates"":[76.2618431625371,9.87623737009668]}"
1946,-0.011459664441645145,30.136004780000007,"{""type"":""Point"",""coordinates"":[76.21928349744046,9.904076762288978]}"
1947,0.24725669622421265,35.08187972000002,"{""type"":""Point"",""coordinates"":[76.28537710101308,10.010631278762016]}"
1948,-0.020395372062921524,30.310323799999992,"{""type"":""Point"",""coordinates"":[76.25610309635334,9.975957654571594]}"
1949,0.3173029124736786,35.00155625000002,"{""type"":""Point"",""coordinates"":[76.33391768707655,9.853873188095985]}"
1950,0.04124075174331665,31.670695760000058,"{""type"":""Point"",""coordinates"":[76.31275591367056,9.856473881602273]}"
1951,0.3427262306213379,35.80308194000003,"{""type"":""Point"",""coordinates"":[76.37121392485732,9.997143552371103]}"
1952,0.2507515251636505,33.60529508000002,"{""type"":""Point"",""coordinates"":[76.26933825484522,10.060127570474357]}"
1953,-0.035761911422014236,30.38381123000005,"{""type"":""Point"",""coordinates"":[76.23103210561888,9.958692556864655]}"
1954,0.10818730294704437,36.45592376000002,"{""type"":""Point"",""coordinates"":[76.30441890324751,10.012392753568962]}"
1955,0.17021891474723816,34.338460370000035,"{""type"":""Point"",""coordinates"":[76.24603040201225,9.993974827570353]}"
1956,-0.008707405999302864,29.79591179000002,"{""type"":""Point"",""coordinates"":[76.14916505696559,9.91459894337102]}"
1957,0.2262369990348816,33.35236160000005,"{""type"":""Point"",""coordinates"":[76.2999652976317,10.048725138599698]}"
1958,-0.012182396836578846,29.760022579999998,"{""type"":""Point"",""coordinates"":[76.15119139675936,9.949378080588652]}"
1959,0.28491631150245667,36.22008038000001,"{""type"":""Point"",""coordinates"":[76.36584755454625,9.950477964701667]}"
1960,-0.02289547584950924,30.50856896000002,"{""type"":""Point"",""coordinates"":[76.2662429570668,9.970408522921938]}"
1961,0.2027955800294876,38.182023860000015,"{""type"":""Point"",""coordinates"":[76.31711080072226,10.032320265098875]}"
1962,0.09129199385643005,44.28318955999998,"{""type"":""Point"",""coordinates"":[76.27556522022047,9.96236806837668]}"
1963,0.2871563732624054,34.126543130000016,"{""type"":""Point"",""coordinates"":[76.23470875842638,10.034744153923148]}"
1964,-0.025198105722665787,30.342794990000016,"{""type"":""Point"",""coordinates"":[76.34754474615812,9.896544638072644]}"
1965,0.1846441626548767,36.70885724000004,"{""type"":""Point"",""coordinates"":[76.28407617767404,9.946940777778462]}"
1966,0.25782063603401184,35.11264190000003,"{""type"":""Point"",""coordinates"":[76.21971925731133,10.027374651801333]}"
1967,-0.03970746695995331,30.38893826000003,"{""type"":""Point"",""coordinates"":[76.23911470949615,10.05824749204355]}"
1968,-0.015802115201950073,29.850600110000016,"{""type"":""Point"",""coordinates"":[76.18474608010854,9.923614044038034]}"
1969,0.11537691205739975,32.894346920000004,"{""type"":""Point"",""coordinates"":[76.22107109159208,10.01493701578815]}"
1970,0.20027469098567963,36.75500051000003,"{""type"":""Point"",""coordinates"":[76.33372965251303,10.006202840831977]}"
1971,-0.00939136277884245,29.55494138000003,"{""type"":""Point"",""coordinates"":[76.14068851277587,9.969580670332702]}"
1972,0.16969232261180878,31.267369400000007,"{""type"":""Point"",""coordinates"":[76.29177562519529,9.829916263652546]}"
1973,0.16454164683818817,37.814586710000015,"{""type"":""Point"",""coordinates"":[76.32055528485442,10.024467257254411]}"
1974,0.3119787871837616,34.613610980000004,"{""type"":""Point"",""coordinates"":[76.28821897111746,9.938119970168739]}"
1975,-0.01604229398071766,29.802747830000015,"{""type"":""Point"",""coordinates"":[76.18215924970785,9.925727916980575]}"
1976,-0.007650689221918583,29.90016140000003,"{""type"":""Point"",""coordinates"":[76.20412060225199,9.822281081442442]}"
1977,-0.013417637906968594,30.03346418000001,"{""type"":""Point"",""coordinates"":[76.21429077077359,9.903951785564123]}"
1978,0.023014258593320847,31.810834580000034,"{""type"":""Point"",""coordinates"":[76.30323185545208,9.841360745948792]}"
1979,-0.023972487077116966,29.85230912,"{""type"":""Point"",""coordinates"":[76.18056873893426,9.982600082782433]}"
1980,-0.015081414952874184,30.648707779999995,"{""type"":""Point"",""coordinates"":[76.24114147773857,9.991261652644956]}"
1981,0.24318160116672516,35.16049418,"{""type"":""Point"",""coordinates"":[76.37872338715285,9.867748422032465]}"
1982,0.16629113256931305,36.980589830000014,"{""type"":""Point"",""coordinates"":[76.311739164575,9.998402929551835]}"
1983,-0.030137229710817337,31.02639899000002,"{""type"":""Point"",""coordinates"":[76.34767110165514,9.858045177107652]}"
1984,0.17821083962917328,34.856290400000034,"{""type"":""Point"",""coordinates"":[76.32771976519889,9.88705579970211]}"
1985,0.16757121682167053,36.55504633999999,"{""type"":""Point"",""coordinates"":[76.3098030860786,10.008091294599916]}"
1986,0.24368999898433685,36.77721764,"{""type"":""Point"",""coordinates"":[76.33478706511896,9.977469477644563]}"
1987,-0.0078023443929851055,29.896743380000004,"{""type"":""Point"",""coordinates"":[76.18856429379217,9.839987053776428]}"
1988,0.14524537324905396,38.89297202,"{""type"":""Point"",""coordinates"":[76.29664877847864,9.887529911228174]}"
1989,-0.021689297631382942,30.395774300000028,"{""type"":""Point"",""coordinates"":[76.26305005947346,9.906616561534774]}"
1990,-0.012314040213823318,29.814710900000023,"{""type"":""Point"",""coordinates"":[76.17763830148701,9.920469963655465]}"
1991,0.26494327187538147,34.59139385,"{""type"":""Point"",""coordinates"":[76.32310540997862,9.89587446195184]}"
1992,0.4048819839954376,34.78109396000002,"{""type"":""Point"",""coordinates"":[76.3932998729562,9.929587346806697]}"
1993,-0.008601822890341282,30.018083090000005,"{""type"":""Point"",""coordinates"":[76.1889818351699,9.865962563653794]}"
1994,-0.017399875447154045,29.884780309999996,"{""type"":""Point"",""coordinates"":[76.19043595994248,9.924792827872649]}"
1995,-0.02190450392663479,30.23512735999998,"{""type"":""Point"",""coordinates"":[76.25237751754926,9.857221159883558]}"
1996,-0.022758960723876953,29.802747829999987,"{""type"":""Point"",""coordinates"":[76.17828899111059,9.969035508343502]}"
1997,0.284702330827713,34.67513534,"{""type"":""Point"",""coordinates"":[76.32780689453794,9.835994806051014]}"
1998,0.2732250988483429,35.58091064000001,"{""type"":""Point"",""coordinates"":[76.2260611852159,10.000378151367329]}"
1999,0.2277277112007141,35.74839362,"{""type"":""Point"",""coordinates"":[76.30626229187149,9.935859299354977]}"
2000,0.2856792211532593,35.46127994,"{""type"":""Point"",""coordinates"":[76.39461952492407,9.900189845874126]}"
2001,-0.009836648590862751,30.20778320000005,"{""type"":""Point"",""coordinates"":[76.21920867769502,9.882045105328503]}"
2002,-0.012467581778764725,29.797620800000033,"{""type"":""Point"",""coordinates"":[76.15314944777752,9.958194102801485]}"
2003,-0.01277704443782568,29.937759620000037,"{""type"":""Point"",""coordinates"":[76.19395257342407,9.909061542322142]}"
2004,-0.02906067669391632,30.337667960000005,"{""type"":""Point"",""coordinates"":[76.26756005256277,9.823656477614445]}"
2005,-0.007265126798301935,29.813001890000038,"{""type"":""Point"",""coordinates"":[76.21393589052668,9.813281572298887]}"
2006,0.41138318181037903,32.183398760000046,"{""type"":""Point"",""coordinates"":[76.35148422095776,9.964339493736647]}"
2007,-0.012083396315574646,29.768567630000007,"{""type"":""Point"",""coordinates"":[76.16743191659455,9.909945684594682]}"
2008,0.28029027581214905,33.50617250000002,"{""type"":""Point"",""coordinates"":[76.31386818013675,9.873047568020072]}"
2009,-0.03482276573777199,30.329122910000024,"{""type"":""Point"",""coordinates"":[76.20880600906096,10.00305741067215]}"
2010,0.044520601630210876,31.20755405,"{""type"":""Point"",""coordinates"":[76.22293702169053,10.01613761108693]}"
2011,0.22374370694160461,37.953016520000006,"{""type"":""Point"",""coordinates"":[76.27369022787093,9.906554220981015]}"
2012,-0.03101877123117447,30.52224104000004,"{""type"":""Point"",""coordinates"":[76.34375427609147,9.866386915928793]}"
2013,0.2537054121494293,34.307698189999996,"{""type"":""Point"",""coordinates"":[76.29419952386421,9.862783104009873]}"
2014,-0.010044164955615997,29.86939921999999,"{""type"":""Point"",""coordinates"":[76.16179719270207,9.893806097452744]}"
2015,4.952229210175574E-4,31.373328020000002,"{""type"":""Point"",""coordinates"":[76.29559945868995,9.91850706338235]}"
2016,0.3684171736240387,34.38118562,"{""type"":""Point"",""coordinates"":[76.40339488452456,9.942095677236654]}"
2017,-0.01409972831606865,29.884780310000025,"{""type"":""Point"",""coordinates"":[76.19761094054746,9.917366858975802]}"
2018,-0.031373560428619385,30.65212580000002,"{""type"":""Point"",""coordinates"":[76.2355063925771,10.06080866008393]}"
2019,0.1932954043149948,32.83624057999998,"{""type"":""Point"",""coordinates"":[76.37252176577176,9.847901178986506]}"
2020,0.281430184841156,32.554253930000016,"{""type"":""Point"",""coordinates"":[76.35160807879723,9.866271295943694]}"
2021,-0.016550667583942413,29.82667397000003,"{""type"":""Point"",""coordinates"":[76.25343646888697,9.823888297201329]}"
2022,0.1704833209514618,35.66123411000001,"{""type"":""Point"",""coordinates"":[76.33632728209417,9.978583723199637]}"
2023,-0.009504665620625019,30.062517350000036,"{""type"":""Point"",""coordinates"":[76.20474487519284,9.848495072672955]}"
2024,0.25496000051498413,37.54969016000001,"{""type"":""Point"",""coordinates"":[76.25437236153354,9.984952832488368]}"
2025,0.19294220209121704,36.575554460000035,"{""type"":""Point"",""coordinates"":[76.34992215090746,9.954331723134064]}"
2026,0.20624004304409027,37.25403143,"{""type"":""Point"",""coordinates"":[76.30632165848236,9.877495481644154]}"
2027,-0.025689616799354553,30.13258675999998,"{""type"":""Point"",""coordinates"":[76.21297174389144,9.936140232267707]}"
2028,-0.035897575318813324,30.221455280000015,"{""type"":""Point"",""coordinates"":[76.21350746962604,9.977756769083399]}"
2029,-0.009843296371400356,30.091570520000005,"{""type"":""Point"",""coordinates"":[76.22075830812038,9.854745344397005]}"
2030,0.18713361024856567,36.71569327999998,"{""type"":""Point"",""coordinates"":[76.3135678246839,9.96463294611219]}"
2031,-0.02873510867357254,30.067644380000047,"{""type"":""Point"",""coordinates"":[76.18730040740907,9.957565344334379]}"
2032,-0.012982789427042007,30.218037260000017,"{""type"":""Point"",""coordinates"":[76.24258024800358,9.85494924755768]}"
2033,-0.03533739969134331,30.867461059999982,"{""type"":""Point"",""coordinates"":[76.205627756918,10.042985747316758]}"
2034,-0.03318148851394653,30.23170934000001,"{""type"":""Point"",""coordinates"":[76.20515094468122,10.009438899330279]}"
2035,-0.0207375381141901,30.06422636000002,"{""type"":""Point"",""coordinates"":[76.22107908731235,9.924701464800078]}"
2036,0.21863122284412384,39.69620672000002,"{""type"":""Point"",""coordinates"":[76.2677844473334,9.951704663922017]}"
2037,-0.022254157811403275,29.888198330000023,"{""type"":""Point"",""coordinates"":[76.1832762624484,10.022964059739648]}"
2038,-0.01545752678066492,29.599375640000005,"{""type"":""Point"",""coordinates"":[76.15847571972054,9.987535319587483]}"
2039,-0.01276338566094637,30.79397363000004,"{""type"":""Point"",""coordinates"":[76.24122845855013,9.989681593170902]}"
2040,-0.015851201489567757,30.38381123000005,"{""type"":""Point"",""coordinates"":[76.23571620411536,9.87602247859441]}"
2041,-0.02052684687077999,29.80445684000003,"{""type"":""Point"",""coordinates"":[76.17225269489131,9.973214053695854]}"
2042,0.16349370777606964,33.31989041000003,"{""type"":""Point"",""coordinates"":[76.26145743171851,10.064341984788925]}"
2043,0.29415568709373474,33.64802033000001,"{""type"":""Point"",""coordinates"":[76.31293198145673,9.872133320081131]}"
2044,0.1086496040225029,37.35144500000001,"{""type"":""Point"",""coordinates"":[76.31593845605892,9.959966513830564]}"
2045,-0.008361170068383217,29.941177640000035,"{""type"":""Point"",""coordinates"":[76.19830549891591,9.862937228020115]}"
2046,-0.021105941385030746,29.819837930000006,"{""type"":""Point"",""coordinates"":[76.17126291371613,9.97470413108002]}"
2047,-0.008068871684372425,29.87452625000003,"{""type"":""Point"",""coordinates"":[76.22908200408907,9.820273213888933]}"
2048,0.25142961740493774,32.80206038000006,"{""type"":""Point"",""coordinates"":[76.31760779601578,9.87261950007991]}"
2049,-0.009402417577803135,30.260762510000035,"{""type"":""Point"",""coordinates"":[76.22485674787363,9.85338034721832]}"
2050,0.30696359276771545,35.61850886000002,"{""type"":""Point"",""coordinates"":[76.23872050331273,9.99255139990954]}"
2051,-0.012014034204185009,29.46778187000001,"{""type"":""Point"",""coordinates"":[76.15023297100994,9.983977229377418]}"
2052,-0.018940670415759087,30.10695161000004,"{""type"":""Point"",""coordinates"":[76.2624152674073,9.802914818432166]}"
2053,0.18673086166381836,37.05749528000001,"{""type"":""Point"",""coordinates"":[76.30832198893305,9.964256005072565]}"
2054,0.2785673141479492,33.48395537000002,"{""type"":""Point"",""coordinates"":[76.22927059889636,10.036824195874939]}"
2055,0.16451862454414368,36.36192821000003,"{""type"":""Point"",""coordinates"":[76.23333550600012,9.994557912985126]}"
2056,-0.01776716858148575,30.192402110000018,"{""type"":""Point"",""coordinates"":[76.242013992539,9.883261259531132]}"
2057,-0.01139289140701294,30.199238150000042,"{""type"":""Point"",""coordinates"":[76.21756353097393,9.893401789029896]}"
2058,0.21247196197509766,37.12243766000003,"{""type"":""Point"",""coordinates"":[76.30733820284298,9.985607468823172]}"
2059,-0.033989690244197845,30.809354720000016,"{""type"":""Point"",""coordinates"":[76.3596170058127,9.86493539525142]}"
2060,-0.029790792614221573,30.65041679000001,"{""type"":""Point"",""coordinates"":[76.3376540334873,9.866340149455826]}"
2061,-0.0141783207654953,30.194111120000002,"{""type"":""Point"",""coordinates"":[76.21650754632056,9.914339227238266]}"
2062,-0.019372781738638878,30.00782903000001,"{""type"":""Point"",""coordinates"":[76.1782080862234,10.027803677306887]}"
2063,-0.03067879192531109,29.62330178000002,"{""type"":""Point"",""coordinates"":[76.19786147901864,10.026618661447804]}"
2064,0.36055833101272583,35.29550597000002,"{""type"":""Point"",""coordinates"":[76.35709206535353,9.926221259831504]}"
2065,0.3170076608657837,33.94709708000005,"{""type"":""Point"",""coordinates"":[76.33610380721072,9.979537507542265]}"
2066,-0.007811629679054022,30.200947160000027,"{""type"":""Point"",""coordinates"":[76.21235262616442,9.8638786185016]}"
2067,0.07316798716783524,30.730740260000005,"{""type"":""Point"",""coordinates"":[76.3254335281258,9.916551305227683]}"
2068,0.2268616408109665,35.01010130000003,"{""type"":""Point"",""coordinates"":[76.22994852933276,10.019222050374822]}"
2069,0.07846204936504364,38.38710506000001,"{""type"":""Point"",""coordinates"":[76.29387111944095,9.98747829665934]}"
2070,0.28179410099983215,34.65804523999998,"{""type"":""Point"",""coordinates"":[76.33186616833343,9.858841731967692]}"
2071,0.29967591166496277,35.24423567000002,"{""type"":""Point"",""coordinates"":[76.32347929833418,9.896553544490317]}"
2072,-0.009217225946485996,29.537851279999984,"{""type"":""Point"",""coordinates"":[76.13936231598667,9.973349929939042]}"
2073,-0.03624033182859421,30.139422800000034,"{""type"":""Point"",""coordinates"":[76.22488362119657,9.967007498309494]}"
2074,0.19983220100402832,33.841138460000025,"{""type"":""Point"",""coordinates"":[76.24153815316217,10.007618066920358]}"
2075,0.4067113399505615,32.56621700000005,"{""type"":""Point"",""coordinates"":[76.2343287668172,9.9775880563663]}"
2076,0.3597455322742462,36.26280563,"{""type"":""Point"",""coordinates"":[76.39040394282011,9.951799475261668]}"
2077,0.028283344581723213,31.978317560000022,"{""type"":""Point"",""coordinates"":[76.38384834861326,9.981120751917551]}"
2078,0.2529160678386688,33.99494936000002,"{""type"":""Point"",""coordinates"":[76.31814419659264,9.82154894753391]}"
2079,0.33562225103378296,34.039383620000024,"{""type"":""Point"",""coordinates"":[76.39505406079999,9.932665098838829]}"
2080,-0.01764235459268093,29.842055060000007,"{""type"":""Point"",""coordinates"":[76.16585336205664,9.97958638061867]}"
2081,0.1725178062915802,32.41753313000001,"{""type"":""Point"",""coordinates"":[76.3407811921206,9.934564324404553]}"
2082,-0.016375871375203133,29.65748198,"{""type"":""Point"",""coordinates"":[76.15408508419945,9.963351027909843]}"
2083,-0.037753887474536896,30.000992990000015,"{""type"":""Point"",""coordinates"":[76.19017771434143,9.967096020433626]}"
2084,-0.012001416645944118,29.941177640000035,"{""type"":""Point"",""coordinates"":[76.19323635192586,9.905165492381363]}"
2085,0.2602163553237915,34.93148684000005,"{""type"":""Point"",""coordinates"":[76.36516366501651,10.000495171499747]}"
2086,0.26189160346984863,35.11605992,"{""type"":""Point"",""coordinates"":[76.31648879533725,10.014909608196152]}"
2087,0.17043931782245636,37.187380039999994,"{""type"":""Point"",""coordinates"":[76.31202920063116,9.813660342544743]}"
2088,-0.030802715569734573,30.81448175,"{""type"":""Point"",""coordinates"":[76.36081548516438,9.863837878585912]}"
2089,0.147112175822258,37.91883632,"{""type"":""Point"",""coordinates"":[76.2522766468634,9.941986246431817]}"
2090,-0.006179900374263525,30.645289760000026,"{""type"":""Point"",""coordinates"":[76.25115428506179,10.046850489325244]}"
2091,0.34500256180763245,33.88899074,"{""type"":""Point"",""coordinates"":[76.37271300918191,9.958735609414651]}"
2092,-0.03089950606226921,29.96510378000005,"{""type"":""Point"",""coordinates"":[76.221083388858,9.942131864560189]}"
2093,0.2588660418987274,34.955412980000006,"{""type"":""Point"",""coordinates"":[76.31095214220774,9.818683094894213]}"
2094,-0.022914834320545197,29.951431700000057,"{""type"":""Point"",""coordinates"":[76.17886692748527,9.954058183823074]}"
2095,-0.00985782127827406,29.604502670000016,"{""type"":""Point"",""coordinates"":[76.14116782384829,9.97908304976105]}"
2096,-0.02280796878039837,30.221455279999986,"{""type"":""Point"",""coordinates"":[76.30045418826344,9.91337744654048]}"
2097,0.2323264628648758,35.38950152000001,"{""type"":""Point"",""coordinates"":[76.30826188464424,9.855768602845213]}"
2098,-0.021360935643315315,30.04200923000002,"{""type"":""Point"",""coordinates"":[76.26528728308566,9.813781075888867]}"
2099,-0.024220041930675507,30.918731360000038,"{""type"":""Point"",""coordinates"":[76.33490410454529,9.867908694691065]}"
2100,0.0560736209154129,31.385291090000038,"{""type"":""Point"",""coordinates"":[76.28888793535609,9.843771707656137]}"
2101,-0.025940582156181335,30.881133140000003,"{""type"":""Point"",""coordinates"":[76.36854624447126,9.87586781868393]}"
2102,0.1683615744113922,36.77379961999998,"{""type"":""Point"",""coordinates"":[76.28780866813857,10.007389401831707]}"
2103,-0.03749806061387062,30.125750720000042,"{""type"":""Point"",""coordinates"":[76.20661051515663,9.985012499793191]}"
2104,-0.009532217867672443,29.785657730000025,"{""type"":""Point"",""coordinates"":[76.13975646609883,9.93730032940186]}"
2105,-0.026668362319469452,30.134295770000023,"{""type"":""Point"",""coordinates"":[76.26246685279895,9.83482428138673]}"
2106,-0.01026859786361456,29.83180100000004,"{""type"":""Point"",""coordinates"":[76.16827469794478,9.89668702717605]}"
2107,0.3150131404399872,34.483726219999994,"{""type"":""Point"",""coordinates"":[76.36492889043224,9.97230766671149]}"
2108,0.23925849795341492,33.69758162000002,"{""type"":""Point"",""coordinates"":[76.29136696176504,9.87311791194293]}"
2109,-0.014101482927799225,30.062517350000007,"{""type"":""Point"",""coordinates"":[76.21028922565601,9.912245495383981]}"
2110,-0.028647184371948242,29.893325360000034,"{""type"":""Point"",""coordinates"":[76.19520884610552,10.030943434004412]}"
2111,0.17395272850990295,36.95666369000003,"{""type"":""Point"",""coordinates"":[76.22444468878463,9.988560802325088]}"
2112,-0.01579851098358631,29.802747829999987,"{""type"":""Point"",""coordinates"":[76.18485182615801,9.918572347491837]}"
2113,0.3167901337146759,33.99836738000002,"{""type"":""Point"",""coordinates"":[76.35851248650182,9.841729175741083]}"
2114,-0.014813113026320934,30.02833715,"{""type"":""Point"",""coordinates"":[76.20826149509638,9.922817533497543]}"
2115,0.27388307452201843,33.74372489000001,"{""type"":""Point"",""coordinates"":[76.36816178775726,9.91208827537387]}"
2116,0.22902043163776398,36.148301960000026,"{""type"":""Point"",""coordinates"":[76.30428168776189,9.985437306425968]}"
2117,-0.030373435467481613,30.243672410000016,"{""type"":""Point"",""coordinates"":[76.19682694579598,9.99779257141415]}"
2118,0.21257367730140686,37.257449450000024,"{""type"":""Point"",""coordinates"":[76.30226122096438,10.029390861283044]}"
2119,0.006818412337452173,31.49466773000003,"{""type"":""Point"",""coordinates"":[76.28375472038418,9.805657171049424]}"
2120,-0.023058664053678513,30.204365180000025,"{""type"":""Point"",""coordinates"":[76.19296302324493,10.000604402180997]}"
2121,-0.008217725902795792,29.84889110000003,"{""type"":""Point"",""coordinates"":[76.18271275413554,9.85137963449981]}"
2122,0.33366551995277405,32.21416094000003,"{""type"":""Point"",""coordinates"":[76.3547571289575,9.989615073801648]}"
2123,0.2884957492351532,33.42072200000001,"{""type"":""Point"",""coordinates"":[76.33566489293258,9.836768020055361]}"
2124,0.16134487092494965,38.05555712,"{""type"":""Point"",""coordinates"":[76.24368273841434,9.955343726105458]}"
2125,-0.016119377687573433,29.587412570000026,"{""type"":""Point"",""coordinates"":[76.16065343208614,9.982760470972877]}"
2126,0.020207718014717102,34.160723329999996,"{""type"":""Point"",""coordinates"":[76.28723033312832,9.952007047259825]}"
2127,-0.009419060312211514,30.091570520000005,"{""type"":""Point"",""coordinates"":[76.2307340517771,9.834816324968116]}"
2128,0.184691920876503,37.57019828,"{""type"":""Point"",""coordinates"":[76.271707048733,9.993863662705737]}"
2129,0.21203620731830597,38.52553487,"{""type"":""Point"",""coordinates"":[76.31445602277856,9.993377043479706]}"
2130,0.2567204535007477,34.10090797999999,"{""type"":""Point"",""coordinates"":[76.31315081369362,9.869367713490375]}"
2131,-0.022687101736664772,32.05522301000002,"{""type"":""Point"",""coordinates"":[76.26859335610214,9.835984391411978]}"
2132,-0.05771348997950554,30.24025439000002,"{""type"":""Point"",""coordinates"":[76.27374468719877,9.849083587775304]}"
2133,0.3199845552444458,34.32820631000004,"{""type"":""Point"",""coordinates"":[76.32895440314711,9.83653158266899]}"
2134,-0.028922971338033676,30.330831920000037,"{""type"":""Point"",""coordinates"":[76.29989241380986,9.903119382661565]}"
2135,0.2886025905609131,35.61509083999999,"{""type"":""Point"",""coordinates"":[76.32036484198561,9.94105282548079]}"
2136,0.301710307598114,34.62557405000001,"{""type"":""Point"",""coordinates"":[76.31523507757596,9.945326899849775]}"
2137,-0.010925070382654667,29.82667397,"{""type"":""Point"",""coordinates"":[76.16763297038453,9.914168024728847]}"
2138,0.21977177262306213,34.87679852000002,"{""type"":""Point"",""coordinates"":[76.32761129336966,9.978657118253762]}"
2139,0.2713182866573334,34.220538680000004,"{""type"":""Point"",""coordinates"":[76.2277799298519,10.03781491104195]}"
2140,0.21195876598358154,34.83065525000001,"{""type"":""Point"",""coordinates"":[76.27622416829257,9.807987191260391]}"
2141,-0.03418591991066933,30.50515094000002,"{""type"":""Point"",""coordinates"":[76.30635111976149,9.884927649600993]}"
2142,0.3087228834629059,34.186358480000024,"{""type"":""Point"",""coordinates"":[76.32122174900665,9.847911671640086]}"
2143,-0.012334229424595833,30.207783199999994,"{""type"":""Point"",""coordinates"":[76.24485385755686,9.814092985003251]}"
2144,-0.036710068583488464,30.648707779999995,"{""type"":""Point"",""coordinates"":[76.36177676160138,9.882865518769558]}"
2145,4.963994724676013E-4,31.47586862000003,"{""type"":""Point"",""coordinates"":[76.22823154551125,10.051905432950694]}"
2146,-0.00808072742074728,29.689953170000024,"{""type"":""Point"",""coordinates"":[76.13777782821506,9.922087011792918]}"
2147,0.3094581067562103,34.36067750000001,"{""type"":""Point"",""coordinates"":[76.31515464412726,9.838173908326265]}"
2148,-0.014780276454985142,29.983902889999996,"{""type"":""Point"",""coordinates"":[76.18695529740462,9.906952290484792]}"
2149,-0.008731278590857983,29.71900634000002,"{""type"":""Point"",""coordinates"":[76.1461856083858,9.918338780609474]}"
2150,-0.007156413048505783,29.92066951999999,"{""type"":""Point"",""coordinates"":[76.18442368976312,9.836778006647357]}"
2151,0.13973048329353333,38.64345656000003,"{""type"":""Point"",""coordinates"":[76.2513889259752,9.954240564646636]}"
2152,0.3251906931400299,34.70760653000002,"{""type"":""Point"",""coordinates"":[76.38075458955126,9.918971922376766]}"
2153,0.058334946632385254,32.71148285000001,"{""type"":""Point"",""coordinates"":[76.31045940455945,9.858978976098415]}"
2154,-0.012010131031274796,30.37868420000001,"{""type"":""Point"",""coordinates"":[76.24954098735535,9.971890715903353]}"
2155,0.07703503221273422,31.245152270000006,"{""type"":""Point"",""coordinates"":[76.26236425932062,10.020921384768654]}"
2156,0.24127687513828278,35.59800074000003,"{""type"":""Point"",""coordinates"":[76.36867164716087,9.93346694566852]}"
2157,-0.017129993066191673,29.953140710000014,"{""type"":""Point"",""coordinates"":[76.17217545717524,10.017571163735857]}"
2158,-0.043121423572301865,30.002702,"{""type"":""Point"",""coordinates"":[76.202693327693,10.028905006393215]}"
2159,0.19637911021709442,37.55652620000001,"{""type"":""Point"",""coordinates"":[76.29649366612809,9.989043859210678]}"
2160,-0.03365844115614891,30.204365179999996,"{""type"":""Point"",""coordinates"":[76.20298893086444,9.949598475508544]}"
2161,-0.015526808798313141,30.865752049999998,"{""type"":""Point"",""coordinates"":[76.24888999076626,10.014937989033063]}"
2162,-0.009504239074885845,30.233418350000022,"{""type"":""Point"",""coordinates"":[76.21890334447694,9.86926791760296]}"
2163,0.18966451287269592,40.048262780000016,"{""type"":""Point"",""coordinates"":[76.25801425828313,9.961415642363292]}"
2164,0.0429125651717186,39.17666767999998,"{""type"":""Point"",""coordinates"":[76.29998258097396,9.996905303086333]}"
2165,0.14569063484668732,37.97352464000005,"{""type"":""Point"",""coordinates"":[76.31769749106385,10.011058792586384]}"
2166,0.1280544102191925,35.351903300000004,"{""type"":""Point"",""coordinates"":[76.23160012829642,10.00149797429735]}"
2167,0.00574114453047514,30.946075520000022,"{""type"":""Point"",""coordinates"":[76.36863494481204,9.846183236435962]}"
2168,0.25966811180114746,32.511528680000026,"{""type"":""Point"",""coordinates"":[76.30771381505632,9.910440886508686]}"
2169,-0.007281715516000986,30.047136260000002,"{""type"":""Point"",""coordinates"":[76.21790598403443,9.84524198585331]}"
2170,0.2751869559288025,33.473701310000024,"{""type"":""Point"",""coordinates"":[76.2810684342953,9.878782256120703]}"
2171,-0.01334950141608715,30.371848160000013,"{""type"":""Point"",""coordinates"":[76.24639311944254,9.846307402013487]}"
2172,-0.0315716527402401,30.224873300000013,"{""type"":""Point"",""coordinates"":[76.20159829013214,9.998029501243455]}"
2173,0.27416130900382996,34.68538940000002,"{""type"":""Point"",""coordinates"":[76.38122936135603,9.998036661512995]}"
2174,-0.008881908841431141,29.927505560000014,"{""type"":""Point"",""coordinates"":[76.13308708071487,9.910429981402892]}"
2175,-0.03328889608383179,30.450462619999996,"{""type"":""Point"",""coordinates"":[76.26386240812165,9.846498602023633]}"
2176,0.15230774879455566,36.40123544000005,"{""type"":""Point"",""coordinates"":[76.33399399141871,10.010339193229662]}"
2177,0.05610382556915283,31.634806550000008,"{""type"":""Point"",""coordinates"":[76.33898450137077,9.93843349958665]}"
2178,-0.009642844088375568,30.807645710000003,"{""type"":""Point"",""coordinates"":[76.26463826134074,10.020497490847921]}"
2179,0.14307118952274323,36.52086614000001,"{""type"":""Point"",""coordinates"":[76.33088748626935,10.027163838226128]}"
2180,0.14628192782402039,38.45204744,"{""type"":""Point"",""coordinates"":[76.3683467179684,9.986012903007806]}"
2181,0.18446603417396545,34.73324167999999,"{""type"":""Point"",""coordinates"":[76.3095211614784,9.869097665646438]}"
2182,0.1380247175693512,36.82506992000003,"{""type"":""Point"",""coordinates"":[76.30155537500674,9.928979879967883]}"
2183,-0.007160188164561987,30.252217460000026,"{""type"":""Point"",""coordinates"":[76.35211452409655,9.910418137091064]}"
2184,-0.020323503762483597,30.23170934000001,"{""type"":""Point"",""coordinates"":[76.23717496769434,9.885550931341267]}"
2185,0.16376441717147827,36.83190596000003,"{""type"":""Point"",""coordinates"":[76.27979995987826,9.90328891796375]}"
2186,-0.023222578689455986,29.814710900000023,"{""type"":""Point"",""coordinates"":[76.18024783259797,9.979583070893847]}"
2187,-0.009514239616692066,29.954849720000027,"{""type"":""Point"",""coordinates"":[76.15950905421825,9.853690551972884]}"
2188,0.23953919112682343,36.55162832000002,"{""type"":""Point"",""coordinates"":[76.38246280675868,9.932533561081163]}"
2189,-0.01343685295432806,29.816419910000036,"{""type"":""Point"",""coordinates"":[76.18127934618025,9.91199482507659]}"
2190,0.3881138861179352,32.51836472000002,"{""type"":""Point"",""coordinates"":[76.36353440247105,9.985444637841235]}"
2191,-0.007770477328449488,29.958267739999997,"{""type"":""Point"",""coordinates"":[76.15689113675072,9.858594642842148]}"
2192,0.28472423553466797,35.874860360000014,"{""type"":""Point"",""coordinates"":[76.33249522439333,10.027064979043885]}"
2193,-0.021086493507027626,30.05568131000004,"{""type"":""Point"",""coordinates"":[76.26078199545226,9.824171042824982]}"
2194,-0.009920383803546429,30.000992990000043,"{""type"":""Point"",""coordinates"":[76.34144194623897,9.91327554091413]}"
2195,-0.040088873356580734,30.792264620000026,"{""type"":""Point"",""coordinates"":[76.27127961739517,9.88103869444246]}"
2196,0.2160152643918991,36.606316640000045,"{""type"":""Point"",""coordinates"":[76.36919750587641,9.89632156562106]}"
2197,0.36552101373672485,32.800351370000016,"{""type"":""Point"",""coordinates"":[76.36336764210452,9.987994015718042]}"
2198,-0.014781586825847626,31.028108000000003,"{""type"":""Point"",""coordinates"":[76.2766468324441,9.831084903561363]}"
2199,0.21979206800460815,34.95199495999998,"{""type"":""Point"",""coordinates"":[76.3691161331547,10.000526874952211]}"
2200,0.13849316537380219,37.82654978000005,"{""type"":""Point"",""coordinates"":[76.30250871949703,10.026729532889707]}"
2201,0.07287969440221786,31.39383614000002,"{""type"":""Point"",""coordinates"":[76.32414272665127,9.922764650305398]}"
2202,-0.021561767905950546,30.060808339999994,"{""type"":""Point"",""coordinates"":[76.1803350790638,9.99665551325091]}"
2203,0.29173997044563293,34.632410090000036,"{""type"":""Point"",""coordinates"":[76.38626216709258,9.89636970366646]}"
2204,0.021077634766697884,32.501274620000004,"{""type"":""Point"",""coordinates"":[76.27973289718364,9.813057455895658]}"
2205,0.16883857548236847,37.06945835000002,"{""type"":""Point"",""coordinates"":[76.3924700077522,9.964492196258243]}"
2206,-0.03591632470488548,31.47586862000003,"{""type"":""Point"",""coordinates"":[76.26194933954146,9.956960066295018]}"
2207,0.10902868956327438,39.550940870000034,"{""type"":""Point"",""coordinates"":[76.26812477289195,9.939897418721396]}"
2208,0.25105902552604675,34.43758295000001,"{""type"":""Point"",""coordinates"":[76.32629807426032,9.927107734485629]}"
2209,-0.03878898546099663,30.13258675999998,"{""type"":""Point"",""coordinates"":[76.21193645898771,9.979834059074179]}"
2210,-0.010374294593930244,30.118914680000017,"{""type"":""Point"",""coordinates"":[76.21373016994487,9.866821819879029]}"
2211,0.25856566429138184,34.333333340000024,"{""type"":""Point"",""coordinates"":[76.22754894090751,10.035267964954418]}"
2212,-0.009625641629099846,30.031755169999997,"{""type"":""Point"",""coordinates"":[76.19025253341776,9.889334447240413]}"
2213,-0.04222431033849716,30.643580750000012,"{""type"":""Point"",""coordinates"":[76.27170798715903,9.884625434820169]}"
2214,-0.026066342368721962,30.809354719999988,"{""type"":""Point"",""coordinates"":[76.34212221745531,9.884422946475345]}"
2215,-0.039598044008016586,30.571802330000025,"{""type"":""Point"",""coordinates"":[76.26792299315248,9.890430963033118]}"
2216,-0.03859817609190941,30.09840656,"{""type"":""Point"",""coordinates"":[76.303724926323,9.891414000343765]}"
2217,-0.035830650478601456,30.300069740000026,"{""type"":""Point"",""coordinates"":[76.3299523369487,9.877593882278973]}"
2218,-0.011531666852533817,30.38893826000003,"{""type"":""Point"",""coordinates"":[76.24157178702175,10.003860125909362]}"
2219,-0.014895736239850521,29.862563180000024,"{""type"":""Point"",""coordinates"":[76.25770292524489,9.806947127481708]}"
2220,-0.001716697122901678,30.67605193999998,"{""type"":""Point"",""coordinates"":[76.31945975234767,9.858732936696004]}"
2221,-0.02936667948961258,30.635035700000003,"{""type"":""Point"",""coordinates"":[76.23844218436295,10.045370517721938]}"
2222,-0.028686940670013428,29.961685760000023,"{""type"":""Point"",""coordinates"":[76.19896721871224,10.003491065202262]}"
2223,-0.009004775434732437,30.002702000000028,"{""type"":""Point"",""coordinates"":[76.20044209180132,9.90194048305072]}"
2224,-0.01183565054088831,30.277852610000025,"{""type"":""Point"",""coordinates"":[76.21731182531022,9.8759185468634]}"
2225,0.25688832998275757,34.10774402000004,"{""type"":""Point"",""coordinates"":[76.3907128215707,9.892541201307273]}"
2226,0.11370547860860825,38.60244032000003,"{""type"":""Point"",""coordinates"":[76.24250918481586,9.9541769148231]}"
2227,0.11916744709014893,31.149447710000032,"{""type"":""Point"",""coordinates"":[76.33663733018577,9.914883299692653]}"
2228,0.3414474427700043,33.80695825999999,"{""type"":""Point"",""coordinates"":[76.28907960649651,10.028911471051192]}"
2229,0.046769194304943085,31.171664840000034,"{""type"":""Point"",""coordinates"":[76.26040128621656,10.026043515115989]}"
2230,-0.008988249115645885,30.20265617000001,"{""type"":""Point"",""coordinates"":[76.22832111271099,9.852145246738031]}"
2231,0.3281799852848053,35.70566837000001,"{""type"":""Point"",""coordinates"":[76.28400222944273,9.929380514435891]}"
2232,0.28524237871170044,35.85947927000004,"{""type"":""Point"",""coordinates"":[76.37942074230531,9.91818269420122]}"
2233,0.1914648860692978,34.80331109000002,"{""type"":""Point"",""coordinates"":[76.2970011348912,10.061042401361043]}"
2234,-0.03412120044231415,30.036882200000036,"{""type"":""Point"",""coordinates"":[76.21433307755736,9.984233507744054]}"
2235,-0.00756963761523366,29.86598120000002,"{""type"":""Point"",""coordinates"":[76.19262572408023,9.84255783774074]}"
2236,0.23729845881462097,36.683222090000015,"{""type"":""Point"",""coordinates"":[76.3234557294972,9.935331346332866]}"
2237,0.35993874073028564,34.73324167999999,"{""type"":""Point"",""coordinates"":[76.38464884309742,9.924918682894104]}"
2238,0.1511252075433731,35.85264323000001,"{""type"":""Point"",""coordinates"":[76.3200403847627,10.005622107991712]}"
2239,-0.025528479367494583,30.282979640000008,"{""type"":""Point"",""coordinates"":[76.2983231055438,9.90610152250451]}"
2240,0.08939684182405472,37.85047592000001,"{""type"":""Point"",""coordinates"":[76.32119442483965,9.993008514515044]}"
2241,-0.029726773500442505,30.238545380000005,"{""type"":""Point"",""coordinates"":[76.20254265522021,10.007776721723951]}"
2242,-0.02335985191166401,30.70339610000002,"{""type"":""Point"",""coordinates"":[76.34256337632763,9.893932676984486]}"
2243,0.21761879324913025,36.67296803000002,"{""type"":""Point"",""coordinates"":[76.39844043426191,9.962742415647883]}"
2244,-0.02434050478041172,30.101824580000027,"{""type"":""Point"",""coordinates"":[76.252654645327,9.864462967949638]}"
2245,0.14278607070446014,36.32603900000004,"{""type"":""Point"",""coordinates"":[76.30653546966289,10.016018866405261]}"
2246,0.31892532110214233,35.362157360000026,"{""type"":""Point"",""coordinates"":[76.32441516126495,10.048503112097439]}"
2247,0.1697758138179779,38.29140050000001,"{""type"":""Point"",""coordinates"":[76.2510870371352,9.95534696815873]}"
2248,-0.015515662729740143,30.04542724999999,"{""type"":""Point"",""coordinates"":[76.23069014741556,9.897356915807684]}"
2249,-0.017341455444693565,29.75831357000004,"{""type"":""Point"",""coordinates"":[76.16411223756036,9.973671371224528]}"
2250,-0.011010834015905857,30.147967850000015,"{""type"":""Point"",""coordinates"":[76.2064580826104,9.906213366756178]}"
2251,-0.006806212943047285,30.026628140000014,"{""type"":""Point"",""coordinates"":[76.17498282265193,9.844597768750994]}"
2252,0.2816006541252136,35.42709974000002,"{""type"":""Point"",""coordinates"":[76.36741738539043,9.83925704443523]}"
2253,0.11804591119289398,36.93102854000006,"{""type"":""Point"",""coordinates"":[76.31107337898483,10.020746810977903]}"
2254,0.07914372533559799,39.68766167000001,"{""type"":""Point"",""coordinates"":[76.26073786170511,9.951746661661]}"
2255,0.27764445543289185,34.30086215000003,"{""type"":""Point"",""coordinates"":[76.38533550482055,9.980375641212532]}"
2256,-0.012262484058737755,29.739514460000038,"{""type"":""Point"",""coordinates"":[76.17093879479256,9.919514554263595]}"
2257,0.3229050934314728,33.314763380000045,"{""type"":""Point"",""coordinates"":[76.29915996643426,9.825558423386887]}"
2258,0.0011369154090061784,31.27420544000003,"{""type"":""Point"",""coordinates"":[76.21096503928595,10.051453204111292]}"
2259,-0.007685712538659573,29.898452390000017,"{""type"":""Point"",""coordinates"":[76.20105563341679,9.82858984896025]}"
2260,0.23010841012001038,35.14340407999998,"{""type"":""Point"",""coordinates"":[76.32695043597003,9.941654394846218]}"
2261,0.38338902592658997,34.890470600000015,"{""type"":""Point"",""coordinates"":[76.31424792232612,10.04342817870603]}"
2262,-0.011697541922330856,30.023210120000016,"{""type"":""Point"",""coordinates"":[76.19714128959048,9.897029723207798]}"
2263,0.13398374617099762,38.66396468000005,"{""type"":""Point"",""coordinates"":[76.27770776629097,9.912922047901477]}"
2264,-0.023542577400803566,30.510277970000033,"{""type"":""Point"",""coordinates"":[76.35331688679256,9.897401134279809]}"
2265,0.2618114948272705,34.242755810000034,"{""type"":""Point"",""coordinates"":[76.29428673400379,10.054338693710577]}"
2266,0.27312231063842773,32.220996980000024,"{""type"":""Point"",""coordinates"":[76.21541358017062,10.019837452209945]}"
2267,-0.007976993918418884,29.789075750000023,"{""type"":""Point"",""coordinates"":[76.18316619587752,9.84768426918346]}"
2268,0.3484243154525757,35.181002300000046,"{""type"":""Point"",""coordinates"":[76.27040576898061,10.036252377078354]}"
2269,-0.0329807884991169,29.987320909999994,"{""type"":""Point"",""coordinates"":[76.24331539220081,9.903924923981362]}"
2270,0.31824958324432373,34.731532670000036,"{""type"":""Point"",""coordinates"":[76.35519367414439,10.006205621053862]}"
2271,0.3322206139564514,35.85264323000001,"{""type"":""Point"",""coordinates"":[76.39075145483686,9.953855548324746]}"
2272,0.16015325486660004,36.54821030000005,"{""type"":""Point"",""coordinates"":[76.32009273755752,9.967106599101893]}"
2273,0.2816753387451172,34.623865040000055,"{""type"":""Point"",""coordinates"":[76.35974465869438,9.852905890308659]}"
2274,-0.019658716395497322,29.948013680000003,"{""type"":""Point"",""coordinates"":[76.16592991743278,10.006404505979944]}"
2275,0.33086898922920227,33.7796141,"{""type"":""Point"",""coordinates"":[76.33390342882078,9.82285447479137]}"
2276,0.15310369431972504,37.624886600000025,"{""type"":""Point"",""coordinates"":[76.31267564896069,9.929917033918231]}"
2277,0.32791781425476074,34.94515892000004,"{""type"":""Point"",""coordinates"":[76.39034051433525,9.910786755555444]}"
2278,0.2804049849510193,34.24959185000003,"{""type"":""Point"",""coordinates"":[76.30153701372615,9.823998835485654]}"
2279,0.27329495549201965,35.404882610000016,"{""type"":""Point"",""coordinates"":[76.29283330190563,10.049641871822509]}"
2280,-0.010741310194134712,30.279561620000038,"{""type"":""Point"",""coordinates"":[76.21763042140962,9.864707116156119]}"
2281,-0.009095997549593449,30.026628140000014,"{""type"":""Point"",""coordinates"":[76.15573108953141,9.87488974787266]}"
2282,0.09285444021224976,39.166413620000014,"{""type"":""Point"",""coordinates"":[76.28722854658182,9.973431220961857]}"
2283,0.07231023907661438,32.61236027000004,"{""type"":""Point"",""coordinates"":[76.32455816130418,9.970101649571152]}"
2284,0.3507535755634308,34.96566704,"{""type"":""Point"",""coordinates"":[76.36368670111128,9.895419007545714]}"
2285,0.32790306210517883,33.171206540000014,"{""type"":""Point"",""coordinates"":[76.33676128780453,9.936467815500386]}"
2286,0.2055194079875946,33.76252400000001,"{""type"":""Point"",""coordinates"":[76.26376974033012,9.863098044536125]}"
2287,0.19091574847698212,36.93444656,"{""type"":""Point"",""coordinates"":[76.30336374198691,10.006446637214442]}"
2288,0.33245471119880676,36.84557804000002,"{""type"":""Point"",""coordinates"":[76.29879393693852,9.809593410013985]}"
2289,0.2736784517765045,32.98834247000002,"{""type"":""Point"",""coordinates"":[76.31512651257081,9.829283246229025]}"
2290,-0.007840163074433804,29.93434160000004,"{""type"":""Point"",""coordinates"":[76.16081336811308,9.847895068545741]}"
2291,-0.007730779238045216,29.94288665000002,"{""type"":""Point"",""coordinates"":[76.19445945693171,9.863989854723338]}"
2292,-0.037723056972026825,30.183857060000037,"{""type"":""Point"",""coordinates"":[76.2027249414736,9.977588191840052]}"
2293,0.17533905804157257,37.0267331,"{""type"":""Point"",""coordinates"":[76.3405789115007,9.948492770263096]}"
2294,-0.028053127229213715,29.910415460000024,"{""type"":""Point"",""coordinates"":[76.23700690158945,9.936176548993057]}"
2295,0.22723573446273804,37.15490885,"{""type"":""Point"",""coordinates"":[76.29438323938417,9.911878940236235]}"
2296,0.3479191064834595,32.54912690000003,"{""type"":""Point"",""coordinates"":[76.36061392162375,9.934998892984567]}"
2297,0.20822803676128387,37.628304619999994,"{""type"":""Point"",""coordinates"":[76.29340027580592,9.951152323000406]}"
2298,-0.01758641190826893,29.954849720000027,"{""type"":""Point"",""coordinates"":[76.16826921971548,9.951811680840047]}"
2299,0.3457261323928833,33.14898941000001,"{""type"":""Point"",""coordinates"":[76.38407614258098,9.961045734371188]}"
2300,0.14712731540203094,36.81994288999999,"{""type"":""Point"",""coordinates"":[76.33876796008539,9.963244293003488]}"
2301,-0.02888207696378231,29.89503437000002,"{""type"":""Point"",""coordinates"":[76.23027296429444,9.940275311083196]}"
2302,-0.0069892085157334805,30.72390422000001,"{""type"":""Point"",""coordinates"":[76.31878986061662,9.852635249900308]}"
2303,0.24172371625900269,34.76742188000003,"{""type"":""Point"",""coordinates"":[76.35512503235338,10.020370187676907]}"
2304,-0.007730615790933371,29.88136229,"{""type"":""Point"",""coordinates"":[76.17634312130541,9.83469912625514]}"
2305,-0.010630502365529537,29.775403670000003,"{""type"":""Point"",""coordinates"":[76.15549132259771,9.941576113265961]}"
2306,0.3362644612789154,32.95928930000002,"{""type"":""Point"",""coordinates"":[76.34383029686875,9.968696924636616]}"
2307,0.20837056636810303,42.36568034000004,"{""type"":""Point"",""coordinates"":[76.2713390781295,9.952027717001478]}"
2308,-0.038088276982307434,30.28981568000006,"{""type"":""Point"",""coordinates"":[76.26649477688602,9.892292493156072]}"
2309,0.006041589193046093,32.20732490000003,"{""type"":""Point"",""coordinates"":[76.23747407448663,10.025603445612619]}"
2310,-0.009899660013616085,29.54639633000002,"{""type"":""Point"",""coordinates"":[76.14196829294906,9.972300082350833]}"
2311,0.24391880631446838,34.34016938000002,"{""type"":""Point"",""coordinates"":[76.32776615799897,9.909168964988375]}"
2312,-0.011835671029984951,30.25734449000001,"{""type"":""Point"",""coordinates"":[76.22736911132802,9.891515403621332]}"
2313,-0.03299899771809578,30.27614360000001,"{""type"":""Point"",""coordinates"":[76.22955553250767,9.949989212276604]}"
2314,-0.007846749387681484,30.11549666000002,"{""type"":""Point"",""coordinates"":[76.19322988817413,9.841170235921055]}"
2315,0.24586142599582672,35.30746904,"{""type"":""Point"",""coordinates"":[76.34389675972609,9.96228101328756]}"
2316,-0.02272297814488411,29.934341599999982,"{""type"":""Point"",""coordinates"":[76.18428136714564,9.944981032600825]}"
2317,-0.007840755395591259,29.64039188000004,"{""type"":""Point"",""coordinates"":[76.13766363530846,9.926853304955442]}"
2318,0.1517467200756073,36.35338316000002,"{""type"":""Point"",""coordinates"":[76.34320509353547,9.958990246024683]}"
2319,0.3028288781642914,33.99153134000005,"{""type"":""Point"",""coordinates"":[76.35554917488192,9.966261078132177]}"
2320,0.16754259169101715,38.619530420000046,"{""type"":""Point"",""coordinates"":[76.31266673017461,10.05562367833701]}"
2321,0.18700236082077026,31.161410779999983,"{""type"":""Point"",""coordinates"":[76.3296655343099,9.91851468679996]}"
2322,-0.02211269736289978,30.93240344000003,"{""type"":""Point"",""coordinates"":[76.23221112751396,10.05200676940839]}"
2323,0.43375229835510254,32.34746372000001,"{""type"":""Point"",""coordinates"":[76.34243735581092,9.935391144390376]}"
2324,7.048491970635951E-4,30.53762212999999,"{""type"":""Point"",""coordinates"":[76.35332951562354,9.908375307406198]}"
2325,0.2911030948162079,35.24594467999998,"{""type"":""Point"",""coordinates"":[76.40114021183997,9.934873171812534]}"
2326,-0.009009169414639473,30.019792100000018,"{""type"":""Point"",""coordinates"":[76.20963781144707,9.870306862872038]}"
2327,0.14200197160243988,38.60414933000001,"{""type"":""Point"",""coordinates"":[76.37453641585904,9.972657422543437]}"
2328,-0.030893538147211075,30.799100659999993,"{""type"":""Point"",""coordinates"":[76.24185969222381,10.041543675403295]}"
2329,0.22074346244335175,35.97398294000004,"{""type"":""Point"",""coordinates"":[76.39297446010667,9.931294084591249]}"
2330,-0.0322180837392807,30.289815680000032,"{""type"":""Point"",""coordinates"":[76.34247846060549,9.877294957754634]}"
2331,0.12234833091497421,39.952558220000014,"{""type"":""Point"",""coordinates"":[76.26627255879339,9.933065240746547]}"
2332,0.3068479001522064,36.23546147000002,"{""type"":""Point"",""coordinates"":[76.25949570682421,9.927719203369412]}"
2333,-0.03625522181391716,30.306905780000022,"{""type"":""Point"",""coordinates"":[76.21967667988997,9.959794913900973]}"
2334,-0.006985020358115435,29.763440599999996,"{""type"":""Point"",""coordinates"":[76.1765972145845,9.852311436251803]}"
2335,-0.017354512587189674,29.647227919999978,"{""type"":""Point"",""coordinates"":[76.16162535765486,9.987975943412094]}"
2336,-0.010622244328260422,29.717297330000008,"{""type"":""Point"",""coordinates"":[76.13642490379951,9.94357083086329]}"
2337,-0.012025285512208939,29.59253960000001,"{""type"":""Point"",""coordinates"":[76.13797407084624,9.963123633014485]}"
2338,-0.009319460950791836,30.153094880000026,"{""type"":""Point"",""coordinates"":[76.19918664191596,9.877024166600998]}"
2339,0.1872057169675827,32.398734020000006,"{""type"":""Point"",""coordinates"":[76.34029411672027,9.980181049967637]}"
2340,-0.015450917184352875,29.920669520000047,"{""type"":""Point"",""coordinates"":[76.19423094445861,9.919129562885889]}"
2341,0.14979323744773865,36.78405368000003,"{""type"":""Point"",""coordinates"":[76.28059967561639,10.01496888507717]}"
2342,0.21136672794818878,36.049179380000055,"{""type"":""Point"",""coordinates"":[76.30956904966611,9.84612336415914]}"
2343,0.2505123019218445,34.02571154,"{""type"":""Point"",""coordinates"":[76.29686195297433,9.83938264411403]}"
2344,0.14035460352897644,36.89001230000002,"{""type"":""Point"",""coordinates"":[76.3562059787675,9.93527316228503]}"
2345,0.3719303011894226,32.67388463000003,"{""type"":""Point"",""coordinates"":[76.3338590771037,9.991526608228012]}"
2346,0.2623269855976105,34.545250580000015,"{""type"":""Point"",""coordinates"":[76.21347448126033,10.038378251183811]}"
2347,-0.007371511310338974,30.047136260000002,"{""type"":""Point"",""coordinates"":[76.20853014933725,9.84605810040613]}"
2348,-0.00842299871146679,29.941177640000035,"{""type"":""Point"",""coordinates"":[76.19522045484287,9.842072939990361]}"
2349,-0.008386041969060898,29.889907340000008,"{""type"":""Point"",""coordinates"":[76.19139950637718,9.8827185987747]}"
2350,0.22179573774337769,35.792827880000004,"{""type"":""Point"",""coordinates"":[76.36476315390371,9.945479854016009]}"
2351,-0.04405279457569122,30.245381420000058,"{""type"":""Point"",""coordinates"":[76.20906112596496,10.024679736859781]}"
2352,0.1752626895904541,37.56336224000006,"{""type"":""Point"",""coordinates"":[76.32816413910136,9.932764949560458]}"
2353,0.18197183310985565,35.22885458000002,"{""type"":""Point"",""coordinates"":[76.26842174126797,9.843567668250195]}"
2354,0.20411892235279083,36.816524869999995,"{""type"":""Point"",""coordinates"":[76.3314352427587,10.037299051551537]}"
2355,-0.03719773516058922,30.334249940000007,"{""type"":""Point"",""coordinates"":[76.20857740022132,9.992303803759494]}"
2356,-0.0148707190528512,29.924087540000016,"{""type"":""Point"",""coordinates"":[76.16210438908917,10.010347917566202]}"
2357,0.19791372120380402,35.48007905,"{""type"":""Point"",""coordinates"":[76.30415350812042,10.047404213762182]}"
2358,-0.0070161051116883755,29.99928398,"{""type"":""Point"",""coordinates"":[76.18352576025988,9.84098596638097]}"
2359,-0.030995028093457222,30.040300220000006,"{""type"":""Point"",""coordinates"":[76.21740198339498,9.94204963131011]}"
2360,-0.034831684082746506,30.125750720000042,"{""type"":""Point"",""coordinates"":[76.24629622868687,9.924041501949523]}"
2361,0.1628539264202118,36.869504180000035,"{""type"":""Point"",""coordinates"":[76.30630211440076,9.999554271564069]}"
2362,-0.01788283698260784,30.096697550000016,"{""type"":""Point"",""coordinates"":[76.23519860742375,9.894016416912212]}"
2363,0.21813221275806427,35.215182500000026,"{""type"":""Point"",""coordinates"":[76.29839479860664,10.059951233357655]}"
2364,-0.007411666214466095,30.928985420000004,"{""type"":""Point"",""coordinates"":[76.28443135394195,9.926940356909538]}"
2365,-0.008990112692117691,29.635264850000027,"{""type"":""Point"",""coordinates"":[76.13192456172862,9.935514367064265]}"
2366,-0.0365651436150074,30.166766960000018,"{""type"":""Point"",""coordinates"":[76.21305922468684,9.978005492742113]}"
2367,0.3120856285095215,33.249821,"{""type"":""Point"",""coordinates"":[76.28086027867732,10.038370707969442]}"
2368,0.11857257783412933,31.58866327999999,"{""type"":""Point"",""coordinates"":[76.34058669127856,9.922225115831733]}"
2369,0.18834833800792694,35.49204212000001,"{""type"":""Point"",""coordinates"":[76.33241244200035,9.930785278822478]}"
2370,-0.0182760339230299,30.086443490000022,"{""type"":""Point"",""coordinates"":[76.22257459519288,9.921815631088785]}"
2371,-0.01475565042346716,29.896743380000004,"{""type"":""Point"",""coordinates"":[76.20454311109182,9.917139595589173]}"
2372,-0.010007246397435665,30.25734449000001,"{""type"":""Point"",""coordinates"":[76.23080481655073,9.856413899743488]}"
2373,0.2634320557117462,35.184420320000015,"{""type"":""Point"",""coordinates"":[76.35927143506203,9.913770486414318]}"
2374,-0.006889817304909229,29.966812790000006,"{""type"":""Point"",""coordinates"":[76.1866212693259,9.850219879930124]}"
2375,-0.014311866834759712,30.846952939999994,"{""type"":""Point"",""coordinates"":[76.24359477201536,9.99435992547768]}"
2376,0.016991784796118736,31.607462390000023,"{""type"":""Point"",""coordinates"":[76.29204771270284,9.799904918880081]}"
2377,-0.026001492515206337,29.74464149000002,"{""type"":""Point"",""coordinates"":[76.18448497103807,9.98303231861804]}"
2378,-0.029215412214398384,30.735867290000044,"{""type"":""Point"",""coordinates"":[76.27733509830477,9.884807521643802]}"
2379,-0.02852259762585163,30.51711401,"{""type"":""Point"",""coordinates"":[76.23976107871536,10.05367740543861]}"
2380,-0.007503690663725138,29.859145159999997,"{""type"":""Point"",""coordinates"":[76.20269938379315,9.81734036298631]}"
2381,0.1781618744134903,39.01260272000002,"{""type"":""Point"",""coordinates"":[76.29741237524527,9.938348681798146]}"
2382,0.29503634572029114,35.42026370000002,"{""type"":""Point"",""coordinates"":[76.32028533346609,9.942188326647786]}"
2383,-0.022930458188056946,31.20071801000003,"{""type"":""Point"",""coordinates"":[76.35183277365421,9.868304540725267]}"
2384,-0.007911189459264278,29.847182090000018,"{""type"":""Point"",""coordinates"":[76.17624930535283,9.878281275839326]}"
2385,0.28780415654182434,34.54012355000003,"{""type"":""Point"",""coordinates"":[76.37920719783165,9.955510440192832]}"
2386,-0.01711008884012699,29.927505559999986,"{""type"":""Point"",""coordinates"":[76.26169152821572,9.808858269340062]}"
2387,0.2777935862541199,34.34016938000002,"{""type"":""Point"",""coordinates"":[76.31303204977696,9.889977773964857]}"
2388,0.2923137843608856,36.54137426,"{""type"":""Point"",""coordinates"":[76.30184393757067,9.99077695178985]}"
2389,-0.008511307649314404,30.17189399,"{""type"":""Point"",""coordinates"":[76.22579748653365,9.846865017016727]}"
2390,-0.028359608724713326,29.742932480000036,"{""type"":""Point"",""coordinates"":[76.18152790649529,9.968062848944742]}"
2391,-0.05506768450140953,30.27614360000001,"{""type"":""Point"",""coordinates"":[76.27313804511425,9.849585619179866]}"
2392,-0.013414865359663963,29.90870645000001,"{""type"":""Point"",""coordinates"":[76.16307694824654,9.942400477060945]}"
2393,-0.02774321660399437,29.76514961000001,"{""type"":""Point"",""coordinates"":[76.23812720116472,9.923301003697212]}"
2394,-0.038362059742212296,30.35817608000002,"{""type"":""Point"",""coordinates"":[76.21247224395334,10.009548797960587]}"
2395,0.27672138810157776,34.81185614,"{""type"":""Point"",""coordinates"":[76.37897007889232,9.944023442284474]}"
2396,-0.016546953469514847,29.944595660000033,"{""type"":""Point"",""coordinates"":[76.25965896093832,9.819252325600083]}"
2397,0.27538225054740906,35.46811597999999,"{""type"":""Point"",""coordinates"":[76.39449485432779,9.89638957486462]}"
2398,-0.016259945929050446,30.165057950000033,"{""type"":""Point"",""coordinates"":[76.23079773228757,9.886831266394825]}"
2399,-0.019435152411460876,29.847182090000018,"{""type"":""Point"",""coordinates"":[76.17562938337485,10.020170491455024]}"
2400,0.331733375787735,34.55892266000001,"{""type"":""Point"",""coordinates"":[76.36059392842576,9.978107494714415]}"
2401,-0.018320566043257713,29.978775860000013,"{""type"":""Point"",""coordinates"":[76.17564878150947,10.02368189018221]}"
2402,0.2648515999317169,33.99836737999999,"{""type"":""Point"",""coordinates"":[76.3904809340968,9.87548887847149]}"
2403,0.13797339797019958,38.71181696000002,"{""type"":""Point"",""coordinates"":[76.34594963036488,10.000378523487367]}"
2404,7.178783416748047E-4,30.872588090000022,"{""type"":""Point"",""coordinates"":[76.23604794657757,10.038790926544232]}"
2405,0.1694294512271881,38.87588191999998,"{""type"":""Point"",""coordinates"":[76.38244086300456,9.965078219090575]}"
2406,0.08702794462442398,38.76650528000005,"{""type"":""Point"",""coordinates"":[76.3124452895292,10.004936391125495]}"
2407,-0.024848155677318573,31.27762346000003,"{""type"":""Point"",""coordinates"":[76.28592100244914,9.953432329457675]}"
2408,-0.009365510195493698,29.698498220000033,"{""type"":""Point"",""coordinates"":[76.13260766701057,9.918802006229848]}"
2409,0.17225226759910583,38.83999271000005,"{""type"":""Point"",""coordinates"":[76.29937202441285,9.963802925420504]}"
2410,-0.03117072582244873,30.216328250000032,"{""type"":""Point"",""coordinates"":[76.34499610962725,9.883366010821488]}"
2411,0.28660568594932556,33.76423301000003,"{""type"":""Point"",""coordinates"":[76.39515333948233,9.927300869056166]}"
2412,0.3053223788738251,34.00178540000002,"{""type"":""Point"",""coordinates"":[76.3204713967475,9.841966581278504]}"
2413,-0.011837735772132874,30.05568131000001,"{""type"":""Point"",""coordinates"":[76.1964978059255,9.892557272040042]}"
2414,-0.02662477269768715,30.15822191000001,"{""type"":""Point"",""coordinates"":[76.26548896223501,9.976876488187594]}"
2415,0.10444162040948868,37.54114511,"{""type"":""Point"",""coordinates"":[76.37477436014952,9.97539378810257]}"
2416,0.31391748785972595,34.83578227999999,"{""type"":""Point"",""coordinates"":[76.3601117699133,9.939072649728944]}"
2417,-0.02800130844116211,29.906997439999998,"{""type"":""Point"",""coordinates"":[76.19651351310628,10.006890548157287]}"
2418,-0.015370186418294907,29.813001890000038,"{""type"":""Point"",""coordinates"":[76.2557007955995,9.812784122757234]}"
2419,0.22901003062725067,35.25619874000006,"{""type"":""Point"",""coordinates"":[76.26609611692115,10.05821827638183]}"
2420,-0.028795156627893448,30.12916874000001,"{""type"":""Point"",""coordinates"":[76.24446282574812,9.897907160219432]}"
2421,-0.03132742643356323,30.78030154999999,"{""type"":""Point"",""coordinates"":[76.35833135552485,9.871552125831835]}"
2422,0.13001923263072968,38.35463387000004,"{""type"":""Point"",""coordinates"":[76.31255206369356,10.004166533626124]}"
2423,-0.010686001740396023,29.789075750000023,"{""type"":""Point"",""coordinates"":[76.1438265825293,9.947019074535493]}"
2424,-0.028245875611901283,29.93775962000001,"{""type"":""Point"",""coordinates"":[76.23649510828443,9.937276343053206]}"
2425,0.10282247513532639,39.47403542000001,"{""type"":""Point"",""coordinates"":[76.30852283087073,9.842669503291612]}"
2426,-0.020245416089892387,29.99586596000003,"{""type"":""Point"",""coordinates"":[76.1779076561794,10.027973764812595]}"
2427,0.38310706615448,33.64118429000001,"{""type"":""Point"",""coordinates"":[76.34359145023357,9.933663749142193]}"
2428,0.11012718081474304,37.274539550000014,"{""type"":""Point"",""coordinates"":[76.38050887000014,9.966033316416157]}"
2429,-0.01274156104773283,30.51369599000003,"{""type"":""Point"",""coordinates"":[76.24126615779943,9.994865931199694]}"
2430,-0.020885435864329338,29.91725150000002,"{""type"":""Point"",""coordinates"":[76.17264890309828,10.01432208174789]}"
2431,0.24819514155387878,33.171206540000014,"{""type"":""Point"",""coordinates"":[76.25224236728421,10.023251754687982]}"
2432,0.2625274956226349,34.955412980000006,"{""type"":""Point"",""coordinates"":[76.28804788989052,10.052612959243342]}"
2433,-0.03224193677306175,30.85891601000003,"{""type"":""Point"",""coordinates"":[76.24727572112862,10.043623500183562]}"
2434,0.25782257318496704,35.9500568,"{""type"":""Point"",""coordinates"":[76.31220991563258,9.975878306234256]}"
2435,0.15825505554676056,38.25722030000003,"{""type"":""Point"",""coordinates"":[76.30805216794077,9.982114032670726]}"
2436,0.01636335253715515,31.192172959999994,"{""type"":""Point"",""coordinates"":[76.29540995556002,9.857606511143846]}"
2437,0.2986370623111725,35.38950152000001,"{""type"":""Point"",""coordinates"":[76.32595339161577,10.000017820745033]}"
2438,-0.032856546342372894,30.079607450000026,"{""type"":""Point"",""coordinates"":[76.1991718304124,10.032122920599129]}"
2439,0.1874081790447235,35.63388995,"{""type"":""Point"",""coordinates"":[76.29769480108119,10.003706631261476]}"
2440,0.3316684067249298,33.00714158000005,"{""type"":""Point"",""coordinates"":[76.29110226928101,9.812095835201093]}"
2441,-0.008397274650633335,29.683117130000028,"{""type"":""Point"",""coordinates"":[76.16038684201641,9.930573616078348]}"
2442,-0.04131113365292549,30.399192319999997,"{""type"":""Point"",""coordinates"":[76.20357753096596,9.970800067835652]}"
2443,0.1629405915737152,41.476995140000014,"{""type"":""Point"",""coordinates"":[76.36872892049645,9.982605865041204]}"
2444,-0.03122534416615963,30.727322240000007,"{""type"":""Point"",""coordinates"":[76.36009743320274,9.865507510597862]}"
2445,-0.025684501975774765,30.083025470000024,"{""type"":""Point"",""coordinates"":[76.23789080589029,9.908449386384074]}"
2446,0.15995614230632782,37.016479040000036,"{""type"":""Point"",""coordinates"":[76.29280008786161,9.978287300204293]}"
2447,0.1315876841545105,37.13098271000004,"{""type"":""Point"",""coordinates"":[76.31463060429145,10.039478168458293]}"
2448,-0.023950539529323578,30.787137590000015,"{""type"":""Point"",""coordinates"":[76.29705009160465,9.908376472203333]}"
2449,-0.01305545587092638,29.777112680000016,"{""type"":""Point"",""coordinates"":[76.17924584096241,9.907114061838916]}"
2450,0.11088600754737854,39.99699248000002,"{""type"":""Point"",""coordinates"":[76.31397869804893,9.984085719955802]}"
2451,0.2251044064760208,38.28456446000001,"{""type"":""Point"",""coordinates"":[76.28381162725994,9.945852418805785]}"
2452,-0.019404690712690353,30.139422800000034,"{""type"":""Point"",""coordinates"":[76.23619333365198,9.902018913496054]}"
2453,-0.014133887365460396,29.643809900000008,"{""type"":""Point"",""coordinates"":[76.15630933580505,9.980230186076748]}"
2454,0.31754735112190247,34.99642921999998,"{""type"":""Point"",""coordinates"":[76.29857014526799,9.815936186967965]}"
2455,0.2673654556274414,33.266911100000016,"{""type"":""Point"",""coordinates"":[76.21662160285068,10.031550113564034]}"
2456,0.26627251505851746,36.21666235999999,"{""type"":""Point"",""coordinates"":[76.37507259642321,9.915101255865181]}"
2457,0.14058132469654083,33.784741130000015,"{""type"":""Point"",""coordinates"":[76.32110410162336,9.809379466049815]}"
2458,-0.010235907509922981,29.63697386000004,"{""type"":""Point"",""coordinates"":[76.14569441167052,9.94486040337034]}"
2459,-0.01400063093751669,29.93434160000004,"{""type"":""Point"",""coordinates"":[76.18739859449047,9.906601289828162]}"
2460,0.09514772891998291,40.95574709000002,"{""type"":""Point"",""coordinates"":[76.31064485513672,10.047324117427163]}"
2461,0.10295339673757553,38.20595,"{""type"":""Point"",""coordinates"":[76.36152448433587,10.009489757255013]}"
2462,-0.023583609610795975,30.82815383000002,"{""type"":""Point"",""coordinates"":[76.33474429618595,9.88219547952785]}"
2463,-0.013604693114757538,30.300069740000026,"{""type"":""Point"",""coordinates"":[76.23882281833508,9.862924532466602]}"
2464,0.18059462308883667,33.080629009999996,"{""type"":""Point"",""coordinates"":[76.25714244829449,9.991938360624628]}"
2465,0.2449963539838791,35.885114420000036,"{""type"":""Point"",""coordinates"":[76.3744128647849,9.915195585327394]}"
2466,0.2856396436691284,33.67023746000001,"{""type"":""Point"",""coordinates"":[76.3126536761889,9.872295008667754]}"
2467,-0.00544535368680954,31.708293980000008,"{""type"":""Point"",""coordinates"":[76.33484727805634,9.89310604333944]}"
2468,-0.011902464553713799,30.16334894000002,"{""type"":""Point"",""coordinates"":[76.20924482758755,9.891555206422906]}"
2469,-0.014617444016039371,30.255635480000024,"{""type"":""Point"",""coordinates"":[76.24451169924532,9.859514586581417]}"
2470,-0.03907173126935959,30.617945599999985,"{""type"":""Point"",""coordinates"":[76.26461462212683,9.8877105970072]}"
2471,0.189424067735672,32.37138986000002,"{""type"":""Point"",""coordinates"":[76.26271527997653,10.02965973352627]}"
2472,-0.007914958521723747,29.896743380000032,"{""type"":""Point"",""coordinates"":[76.17801255955847,9.8452540518782]}"
2473,-0.026679737493395805,30.175312010000027,"{""type"":""Point"",""coordinates"":[76.26911041701162,9.804747178419204]}"
2474,0.2979103624820709,34.986175160000016,"{""type"":""Point"",""coordinates"":[76.40234873970188,9.924601596970971]}"
2475,0.20801837742328644,35.41684568000005,"{""type"":""Point"",""coordinates"":[76.33300122004431,10.004327197962207]}"
2476,-0.026821276172995567,30.541040150000015,"{""type"":""Point"",""coordinates"":[76.24001988018185,9.941276461744991]}"
2477,0.2311459183692932,35.8475162,"{""type"":""Point"",""coordinates"":[76.34410998312629,9.99801303175986]}"
2478,-0.010345932096242905,29.842055060000035,"{""type"":""Point"",""coordinates"":[76.23706082559511,9.833388682929241]}"
2479,0.1640428602695465,37.896619190000024,"{""type"":""Point"",""coordinates"":[76.37413293459275,9.986147645724545]}"
2480,-0.004880337975919247,30.535913120000032,"{""type"":""Point"",""coordinates"":[76.3184921108426,9.857078159722178]}"
2481,-0.008820867165923119,30.021501110000003,"{""type"":""Point"",""coordinates"":[76.22837842274657,9.831972349492474]}"
2482,0.11099997162818909,38.61098537000004,"{""type"":""Point"",""coordinates"":[76.31155468349554,10.013042747622821]}"
2483,-0.03199632838368416,30.76321145000003,"{""type"":""Point"",""coordinates"":[76.3583017669395,9.872017276269252]}"
2484,-0.028963837772607803,30.01124705000001,"{""type"":""Point"",""coordinates"":[76.19898685430435,10.013173864742331]}"
2485,-0.012172097340226173,30.048845270000015,"{""type"":""Point"",""coordinates"":[76.20408052517183,9.899799076957665]}"
2486,0.3235671818256378,34.78109396000002,"{""type"":""Point"",""coordinates"":[76.3724389756035,9.931340884858225]}"
2487,0.2161736786365509,32.588434129999996,"{""type"":""Point"",""coordinates"":[76.25566409672432,9.911752181193998]}"
2488,-0.008663333021104336,29.956558730000012,"{""type"":""Point"",""coordinates"":[76.15668856674851,9.857898928426769]}"
2489,0.16993467509746552,34.152178280000044,"{""type"":""Point"",""coordinates"":[76.24031655884659,10.001061819990394]}"
2490,0.32510748505592346,32.709773840000025,"{""type"":""Point"",""coordinates"":[76.37021510157037,10.000856332704908]}"
2491,0.28719523549079895,35.34848527999998,"{""type"":""Point"",""coordinates"":[76.27933722798457,9.932451562480596]}"
2492,0.22036665678024292,35.26303478,"{""type"":""Point"",""coordinates"":[76.3255396879222,9.93528626068618]}"
2493,0.24603064358234406,34.97763011000001,"{""type"":""Point"",""coordinates"":[76.38410900230394,9.943127149782617]}"
2494,0.23553721606731415,36.59948059999999,"{""type"":""Point"",""coordinates"":[76.30548656861879,9.988311776321682]}"
2495,0.30876511335372925,34.04280163999999,"{""type"":""Point"",""coordinates"":[76.25605140383074,10.032352033122697]}"
2496,-0.00951655488461256,30.840116899999998,"{""type"":""Point"",""coordinates"":[76.28470464521736,9.865000656921547]}"
2497,0.16154128313064575,37.11560162000001,"{""type"":""Point"",""coordinates"":[76.39309302333353,9.962889897226079]}"
2498,-0.020204728469252586,30.34792202,"{""type"":""Point"",""coordinates"":[76.23835778886723,9.884654934092847]}"
2499,0.15864297747612,35.29379696000001,"{""type"":""Point"",""coordinates"":[76.29540181397111,9.901865334530724]}"
2500,-0.018153371289372444,29.585703560000013,"{""type"":""Point"",""coordinates"":[76.1611200879535,9.990311648380212]}"
2501,-0.028411326929926872,30.575220350000023,"{""type"":""Point"",""coordinates"":[76.29891997067314,9.905840860655644]}"
2502,-0.027794452384114265,30.85891601,"{""type"":""Point"",""coordinates"":[76.33844953076533,9.862078750815906]}"
2503,-0.008792072534561157,29.611338710000012,"{""type"":""Point"",""coordinates"":[76.15095140841578,9.92644307399206]}"
2504,0.3521367013454437,35.43393578000004,"{""type"":""Point"",""coordinates"":[76.38843951014005,9.906100299970982]}"
2505,-0.017773285508155823,30.488060840000003,"{""type"":""Point"",""coordinates"":[76.24922560479767,9.853774210189439]}"
2506,-0.019537536427378654,31.598917340000014,"{""type"":""Point"",""coordinates"":[76.28949179036992,9.922510615564976]}"
2507,0.01044307742267847,31.12723058000003,"{""type"":""Point"",""coordinates"":[76.28163847988972,9.821021443447552]}"
2508,-0.03288232907652855,30.105242599999997,"{""type"":""Point"",""coordinates"":[76.22884632557317,9.946371106422848]}"
2509,0.23854048550128937,34.66488128000003,"{""type"":""Point"",""coordinates"":[76.3159245908661,9.808551624838096]}"
2510,0.25454068183898926,34.11458005999998,"{""type"":""Point"",""coordinates"":[76.29744231888549,9.828521219328202]}"
2511,0.33148348331451416,34.446128000000016,"{""type"":""Point"",""coordinates"":[76.37390368521586,10.014971143843]}"
2512,-0.024719765409827232,31.677531799999997,"{""type"":""Point"",""coordinates"":[76.26320979587254,9.970081554775014]}"
2513,-0.02560960128903389,29.83180100000004,"{""type"":""Point"",""coordinates"":[76.18281061573528,9.954031063907165]}"
2514,-0.03161142021417618,30.898223239999993,"{""type"":""Point"",""coordinates"":[76.34463951770128,9.854351375269161]}"
2515,0.35088860988616943,34.924650799999995,"{""type"":""Point"",""coordinates"":[76.39253766996643,9.959930962789167]}"
2516,0.2345169335603714,39.84318158000002,"{""type"":""Point"",""coordinates"":[76.37294131755412,9.969010253035473]}"
2517,0.2210647165775299,31.757855269999993,"{""type"":""Point"",""coordinates"":[76.32820376462622,9.82570525580161]}"
2518,-0.033367402851581573,30.27614360000001,"{""type"":""Point"",""coordinates"":[76.25703015274622,9.865756972522673]}"
2519,-0.030033236369490623,31.181918900000028,"{""type"":""Point"",""coordinates"":[76.26585245310406,9.847604863598894]}"
2520,0.24234476685523987,37.65223076000001,"{""type"":""Point"",""coordinates"":[76.35044951869378,9.99707149593869]}"
2521,-0.03158504143357277,30.385520240000005,"{""type"":""Point"",""coordinates"":[76.3126047971173,9.88549569860124]}"
2522,0.17931462824344635,33.314763380000045,"{""type"":""Point"",""coordinates"":[76.24361846065904,9.968613002867036]}"
2523,0.011355900205671787,32.20048886000001,"{""type"":""Point"",""coordinates"":[76.25757481133,9.9914483141424]}"
2524,-0.014803290367126465,30.645289760000026,"{""type"":""Point"",""coordinates"":[76.3441648229593,9.906271674706081]}"
2525,-0.019210780039429665,32.33550065000003,"{""type"":""Point"",""coordinates"":[76.26326180977527,9.9892540926789]}"
2526,-0.006743697449564934,29.816419910000008,"{""type"":""Point"",""coordinates"":[76.21020581575205,9.82249357788426]}"
2527,-0.03133637458086014,30.63845372000003,"{""type"":""Point"",""coordinates"":[76.23355259293896,10.057927033214062]}"
2528,0.13681834936141968,39.12710639000002,"{""type"":""Point"",""coordinates"":[76.27214045942395,9.912054870994075]}"
2529,-0.032067619264125824,30.077898440000013,"{""type"":""Point"",""coordinates"":[76.19400009174234,9.955356551840927]}"
2530,-0.007546582259237766,29.87794427,"{""type"":""Point"",""coordinates"":[76.18508617606233,9.857604398886597]}"
2531,-0.00645129568874836,29.794202780000035,"{""type"":""Point"",""coordinates"":[76.2121042735939,9.816617292734371]}"
2532,0.16956926882266998,33.12335426000001,"{""type"":""Point"",""coordinates"":[76.32555474421109,9.96167610845828]}"
2533,0.10622887313365936,38.325580700000046,"{""type"":""Point"",""coordinates"":[76.31009966705416,10.029960924600157]}"
2534,-0.007465141359716654,30.030046160000012,"{""type"":""Point"",""coordinates"":[76.18299809970863,9.876396983531226]}"
2535,0.28980815410614014,33.21905882000004,"{""type"":""Point"",""coordinates"":[76.27607575441553,9.810284453138745]}"
2536,-0.020347975194454193,29.848891100000003,"{""type"":""Point"",""coordinates"":[76.18475806457238,10.02569364866239]}"
2537,0.19811683893203735,38.209368020000056,"{""type"":""Point"",""coordinates"":[76.26875908923856,9.947460968918971]}"
2538,-0.012533050961792469,29.867690210000035,"{""type"":""Point"",""coordinates"":[76.1491017066387,9.971591365855451]}"
2539,-0.00830165110528469,29.97706685000003,"{""type"":""Point"",""coordinates"":[76.18435298317182,9.885991648037857]}"
2540,0.29301297664642334,34.398275720000015,"{""type"":""Point"",""coordinates"":[76.36337965737393,9.844724674426816]}"
2541,0.21039235591888428,35.63047193000003,"{""type"":""Point"",""coordinates"":[76.35075694460616,9.934107218090787]}"
2542,0.2563914656639099,32.644831460000034,"{""type"":""Point"",""coordinates"":[76.3299950159947,9.922948352405102]}"
2543,0.13572420179843903,39.697915730000034,"{""type"":""Point"",""coordinates"":[76.32577718112809,10.030584357484935]}"
2544,0.007845078594982624,31.034944040000028,"{""type"":""Point"",""coordinates"":[76.26602110584626,10.031130405671652]}"
2545,-0.03878190368413925,30.650416790000037,"{""type"":""Point"",""coordinates"":[76.23540855794573,10.058867174960344]}"
2546,0.2811773121356964,34.09065392000002,"{""type"":""Point"",""coordinates"":[76.27499192041276,9.805615464285905]}"
2547,-0.00823295209556818,29.71387931000001,"{""type"":""Point"",""coordinates"":[76.13504953432908,9.905604721616488]}"
2548,-0.007790136616677046,29.715588319999995,"{""type"":""Point"",""coordinates"":[76.15269473904634,9.920621820564433]}"
2549,0.3004456162452698,33.33868952,"{""type"":""Point"",""coordinates"":[76.38541127783242,9.946118115007332]}"
2550,-0.028980528935790062,29.966812790000006,"{""type"":""Point"",""coordinates"":[76.22878239227703,9.941053055016985]}"
2551,0.23268812894821167,33.38654180000003,"{""type"":""Point"",""coordinates"":[76.21192373882236,10.036433656340295]}"
2552,0.2855227291584015,33.47882834000001,"{""type"":""Point"",""coordinates"":[76.32200911997018,10.048703460124035]}"
2553,0.26881957054138184,35.76890174000002,"{""type"":""Point"",""coordinates"":[76.38936103078012,9.929933635396324]}"
2554,-0.00953767541795969,29.69166218000001,"{""type"":""Point"",""coordinates"":[76.14852477169005,9.91251279410949]}"
2555,0.11341202259063721,34.89388862000001,"{""type"":""Point"",""coordinates"":[76.21271130718856,10.052538043933275]}"
2556,0.04593968018889427,41.063414720000026,"{""type"":""Point"",""coordinates"":[76.2669815014218,9.94307988724122]}"
2557,-0.00920516811311245,30.233418350000022,"{""type"":""Point"",""coordinates"":[76.22744989705328,9.838665714280689]}"
2558,0.19468125700950623,36.71569327999998,"{""type"":""Point"",""coordinates"":[76.30444707191121,10.042681601677984]}"
2559,0.16446883976459503,37.41638738,"{""type"":""Point"",""coordinates"":[76.29912387665073,9.819311763010042]}"
2560,-0.025130178779363632,29.985611900000038,"{""type"":""Point"",""coordinates"":[76.22382392982108,9.926280831895186]}"
2561,-0.04034607484936714,30.204365180000025,"{""type"":""Point"",""coordinates"":[76.20677274417444,9.970296339751615]}"
2562,0.1673184186220169,37.75989839000002,"{""type"":""Point"",""coordinates"":[76.31927440058492,9.992030413931316]}"
2563,0.18354570865631104,37.87440206000002,"{""type"":""Point"",""coordinates"":[76.22130074101776,10.032908590366878]}"
2564,-0.01726008765399456,29.930923580000012,"{""type"":""Point"",""coordinates"":[76.16337521010387,9.963232383665758]}"
2565,0.005072376690804958,30.50856896000002,"{""type"":""Point"",""coordinates"":[76.25842054853081,10.048450243529496]}"
2566,-0.02926505357027054,30.710232140000016,"{""type"":""Point"",""coordinates"":[76.34346106255741,9.855174235328766]}"
2567,0.2712114453315735,35.39121053000002,"{""type"":""Point"",""coordinates"":[76.37844874908862,9.874734370749987]}"
2568,0.19763962924480438,35.25961676000003,"{""type"":""Point"",""coordinates"":[76.32676736093232,9.866797173101919]}"
2569,-0.008526605553925037,29.910415459999996,"{""type"":""Point"",""coordinates"":[76.17004790179293,9.876503915171785]}"
2570,-0.011811875738203526,30.53933114000006,"{""type"":""Point"",""coordinates"":[76.2680799019806,9.990078885908243]}"
2571,0.19766314327716827,35.91587659999999,"{""type"":""Point"",""coordinates"":[76.30763660251132,9.940626455508099]}"
2572,-0.032333239912986755,30.29665172000003,"{""type"":""Point"",""coordinates"":[76.34752817064727,9.877115417672776]}"
2573,0.253525972366333,35.040863479999985,"{""type"":""Point"",""coordinates"":[76.38331679869263,9.938734447886777]}"
2574,0.21866752207279205,37.98206969,"{""type"":""Point"",""coordinates"":[76.32236638772298,10.025762464315541]}"
2575,0.1581825315952301,44.293443620000005,"{""type"":""Point"",""coordinates"":[76.29697448621137,9.81347120259485]}"
2576,0.3119479715824127,34.60335692000001,"{""type"":""Point"",""coordinates"":[76.38540641004307,9.97922278296708]}"
2577,-0.011874672025442123,30.730740260000005,"{""type"":""Point"",""coordinates"":[76.3501545127589,9.83105205494841]}"
2578,-0.02898446097970009,30.14625884000003,"{""type"":""Point"",""coordinates"":[76.19207486019722,9.983014762638021]}"
2579,0.2503010928630829,36.47984989999998,"{""type"":""Point"",""coordinates"":[76.31080861148378,10.022965121310468]}"
2580,0.21574880182743073,34.88534357000003,"{""type"":""Point"",""coordinates"":[76.30938134016101,9.869603508223788]}"
2581,0.23418961465358734,36.47643188000001,"{""type"":""Point"",""coordinates"":[76.35409470169198,9.937502392767978]}"
2582,0.25881388783454895,34.71102454999999,"{""type"":""Point"",""coordinates"":[76.33620164271078,9.937915935655644]}"
2583,-0.013773118145763874,30.38210221999998,"{""type"":""Point"",""coordinates"":[76.24830607167597,9.837036311803296]}"
2584,0.19402916729450226,39.52701473000002,"{""type"":""Point"",""coordinates"":[76.230485070096,10.030448363937444]}"
2585,-0.008510634303092957,29.93434160000001,"{""type"":""Point"",""coordinates"":[76.172785327364,9.886319523856221]}"
2586,0.2712409198284149,32.83624057999998,"{""type"":""Point"",""coordinates"":[76.39250333858753,9.889987424943325]}"
2587,-0.012479163706302643,29.74805951000002,"{""type"":""Point"",""coordinates"":[76.17863244753956,9.917911836680922]}"
2588,0.24097232520580292,35.35019429000002,"{""type"":""Point"",""coordinates"":[76.31598890147303,9.841179916786004]}"
2589,0.07638648897409439,38.159806730000014,"{""type"":""Point"",""coordinates"":[76.29545560301807,9.964398242389516]}"
2590,-0.03843902423977852,30.542749160000028,"{""type"":""Point"",""coordinates"":[76.32234887217065,9.881893795703425]}"
2591,0.1438218057155609,37.79920562000001,"{""type"":""Point"",""coordinates"":[76.29342000706309,10.009318286753441]}"
2592,-0.007922808639705181,29.669445050000036,"{""type"":""Point"",""coordinates"":[76.13303438833317,9.92275331826212]}"
2593,0.1267334222793579,36.98913488000005,"{""type"":""Point"",""coordinates"":[76.31760221573666,9.981117737280822]}"
2594,0.19787365198135376,36.278186720000036,"{""type"":""Point"",""coordinates"":[76.3479440933694,9.962157189504524]}"
2595,-0.009983384050428867,29.568613460000023,"{""type"":""Point"",""coordinates"":[76.14437107521326,9.976226235497489]}"
2596,0.24438607692718506,36.49694000000002,"{""type"":""Point"",""coordinates"":[76.30566732365376,9.955971557222176]}"
2597,-0.02882125787436962,30.03346418000001,"{""type"":""Point"",""coordinates"":[76.23998912253863,9.909334076075359]}"
2598,-0.010698394849896431,30.158221910000037,"{""type"":""Point"",""coordinates"":[76.23170488781341,9.852051802231985]}"
2599,0.22320732474327087,37.14636380000002,"{""type"":""Point"",""coordinates"":[76.27375083767478,9.959793799329086]}"
2600,-0.010787264443933964,29.983902890000024,"{""type"":""Point"",""coordinates"":[76.19630533263604,9.906756058862554]}"
2601,0.2581571638584137,31.94755538000001,"{""type"":""Point"",""coordinates"":[76.2688733134837,10.000497630335262]}"
2602,-0.010073243640363216,30.896514230000008,"{""type"":""Point"",""coordinates"":[76.36325248048628,9.856986284212464]}"
2603,0.23485825955867767,35.49204212000001,"{""type"":""Point"",""coordinates"":[76.23700181022312,10.007026865235586]}"
2604,0.16602545976638794,38.311908620000054,"{""type"":""Point"",""coordinates"":[76.28823741624093,10.061824867852676]}"
2605,0.1872420310974121,40.687432520000016,"{""type"":""Point"",""coordinates"":[76.37656568347138,9.890635649607923]}"
2606,-0.01175102312117815,29.73951446000001,"{""type"":""Point"",""coordinates"":[76.1480040461098,9.93640458554518]}"
2607,0.1375640332698822,36.04576136000003,"{""type"":""Point"",""coordinates"":[76.34822375696056,9.997180804730693]}"
2608,-0.01626328006386757,29.87794427000003,"{""type"":""Point"",""coordinates"":[76.25476201586636,9.817073379764265]}"
2609,0.02185177430510521,32.64141344000001,"{""type"":""Point"",""coordinates"":[76.38163105216275,9.982565790104134]}"
2610,0.34728947281837463,31.85697785000002,"{""type"":""Point"",""coordinates"":[76.35020901363025,9.920334401630136]}"
2611,-0.008938884362578392,29.898452390000017,"{""type"":""Point"",""coordinates"":[76.19857319998314,9.825935386321065]}"
2612,0.2458190619945526,32.15947262,"{""type"":""Point"",""coordinates"":[76.28524070643495,10.041694575378564]}"
2613,0.19935984909534454,35.50400519000004,"{""type"":""Point"",""coordinates"":[76.2260118784724,10.048050424145034]}"
2614,-0.02872057631611824,30.43679054000006,"{""type"":""Point"",""coordinates"":[76.23591398328955,9.964284977943464]}"
2615,-0.02511189505457878,30.149676860000028,"{""type"":""Point"",""coordinates"":[76.24487498520405,9.888342416344532]}"
2616,0.2043856829404831,38.76308726000002,"{""type"":""Point"",""coordinates"":[76.28969045618149,9.91268131928376]}"
2617,-0.022104503586888313,29.872817240000046,"{""type"":""Point"",""coordinates"":[76.17316341813392,9.977693030929627]}"
2618,0.34053662419319153,33.82917539000002,"{""type"":""Point"",""coordinates"":[76.36150039642384,9.925741514794273]}"
2619,0.33429858088493347,33.058411879999994,"{""type"":""Point"",""coordinates"":[76.37258673432908,9.898270797716902]}"
2620,-0.033387135714292526,30.08815249999998,"{""type"":""Point"",""coordinates"":[76.2272238875593,9.946396897838639]}"
2621,-0.01888858526945114,30.218037260000017,"{""type"":""Point"",""coordinates"":[76.24205716693736,9.882521221797408]}"
2622,-0.009828252717852592,30.002702000000028,"{""type"":""Point"",""coordinates"":[76.15988612953949,9.8856277933407]}"
2623,-0.022108515724539757,30.766629469999998,"{""type"":""Point"",""coordinates"":[76.35242174805444,9.898227407261778]}"
2624,0.1911495327949524,37.412969360000034,"{""type"":""Point"",""coordinates"":[76.25291875897983,9.923859634667625]}"
2625,0.06929821521043777,41.148865220000005,"{""type"":""Point"",""coordinates"":[76.37340248721881,9.977884923901915]}"
2626,-0.03566207364201546,30.64699877000001,"{""type"":""Point"",""coordinates"":[76.35823601602561,9.883461876601652]}"
2627,-0.0232534222304821,29.845473080000033,"{""type"":""Point"",""coordinates"":[76.17864172193576,9.956723988300329]}"
2628,0.33172211050987244,35.78770085000002,"{""type"":""Point"",""coordinates"":[76.38295013033043,9.926439666259052]}"
2629,-0.008001666516065598,29.956558730000012,"{""type"":""Point"",""coordinates"":[76.2100201449678,9.844266796872413]}"
2630,0.1238933578133583,37.34119094000002,"{""type"":""Point"",""coordinates"":[76.29530709514995,9.954729389469508]}"
2631,0.05304240807890892,31.598917340000014,"{""type"":""Point"",""coordinates"":[76.27854266826213,10.054637357479864]}"
2632,0.22267819941043854,36.148301960000026,"{""type"":""Point"",""coordinates"":[76.3607763011438,9.998530966858343]}"
2633,0.2762271463871002,35.84751620000003,"{""type"":""Point"",""coordinates"":[76.37255486877257,10.010972280832908]}"
2634,0.13412630558013916,37.63172264000002,"{""type"":""Point"",""coordinates"":[76.32353379974609,9.95721505987807]}"
2635,0.26261234283447266,32.87042078000002,"{""type"":""Point"",""coordinates"":[76.33245261757467,9.824455660624102]}"
2636,0.16537779569625854,38.55629705000001,"{""type"":""Point"",""coordinates"":[76.34532986264432,10.016852928855554]}"
2637,-0.012880520895123482,29.780530700000043,"{""type"":""Point"",""coordinates"":[76.17402707670415,9.906247378691459]}"
2638,-0.009313121438026428,29.700207230000018,"{""type"":""Point"",""coordinates"":[76.1394610763796,9.93617433341921]}"
2639,-0.009126560762524605,31.270787420000033,"{""type"":""Point"",""coordinates"":[76.26561360407737,9.999448989063213]}"
2640,0.12755152583122253,31.02810800000003,"{""type"":""Point"",""coordinates"":[76.21920051150835,10.018477996812342]}"
2641,-0.008758635260164738,29.929214570000028,"{""type"":""Point"",""coordinates"":[76.20019885110561,9.859625546346837]}"
2642,0.3524473011493683,33.159243470000035,"{""type"":""Point"",""coordinates"":[76.3772286741011,9.896920127773042]}"
2643,0.3156702518463135,33.38654180000003,"{""type"":""Point"",""coordinates"":[76.36030269819769,9.937190729741168]}"
2644,0.22437632083892822,35.114350909999985,"{""type"":""Point"",""coordinates"":[76.38873882049808,9.888657078223673]}"
2645,0.23337671160697937,60.20432672000004,"{""type"":""Point"",""coordinates"":[76.30441568309742,9.833777130887944]}"
2646,0.19361920654773712,36.134629880000034,"{""type"":""Point"",""coordinates"":[76.29377939776047,9.899499205557888]}"
2647,0.28519079089164734,34.302571160000014,"{""type"":""Point"",""coordinates"":[76.33877899334296,9.94452806735706]}"
2648,0.09413674473762512,39.34244165000001,"{""type"":""Point"",""coordinates"":[76.303226675734,9.877646548617362]}"
2649,-0.02774503268301487,30.693142039999998,"{""type"":""Point"",""coordinates"":[76.2417946287975,10.034002131958518]}"
2650,-0.026586178690195084,30.16163992999998,"{""type"":""Point"",""coordinates"":[76.23387322143893,9.91815659869821]}"
2651,0.011966593563556671,30.908477300000015,"{""type"":""Point"",""coordinates"":[76.29537062128841,9.858883451381702]}"
2652,0.29960620403289795,34.459800080000036,"{""type"":""Point"",""coordinates"":[76.37750249418849,9.940139508586162]}"
2653,-0.008788949809968472,29.985611900000038,"{""type"":""Point"",""coordinates"":[76.20884143935196,9.861920262148557]}"
2654,-0.006593931466341019,29.871108230000033,"{""type"":""Point"",""coordinates"":[76.2173230439777,9.80932571110438]}"
2655,0.19093626737594604,33.93342500000006,"{""type"":""Point"",""coordinates"":[76.2692085830746,9.842449598230651]}"
2656,0.026679668575525284,31.439979410000007,"{""type"":""Point"",""coordinates"":[76.32225131932707,9.824733783965998]}"
2657,-0.024021638557314873,29.85743615000004,"{""type"":""Point"",""coordinates"":[76.17715198576859,9.96691075774233]}"
2658,-0.03756953030824661,30.248799440000028,"{""type"":""Point"",""coordinates"":[76.20746050405596,9.973199267129216]}"
2659,-0.028360024094581604,30.142840820000032,"{""type"":""Point"",""coordinates"":[76.26847082276363,9.818971951707134]}"
2660,0.14147070050239563,35.085297740000016,"{""type"":""Point"",""coordinates"":[76.30863816372099,9.97155447185386]}"
2661,-0.03194174915552139,30.55642124000002,"{""type"":""Point"",""coordinates"":[76.3451251170554,9.872846970008638]}"
2662,-0.011346635408699512,31.66727774000003,"{""type"":""Point"",""coordinates"":[76.27172319922883,9.817846680388643]}"
2663,0.1383916735649109,38.298236540000005,"{""type"":""Point"",""coordinates"":[76.35302539533683,9.98743347368627]}"
2664,0.23333747684955597,35.815045010000034,"{""type"":""Point"",""coordinates"":[76.28595787828962,9.880588168544318]}"
2665,0.11959795653820038,39.50137958000005,"{""type"":""Point"",""coordinates"":[76.25481481128818,9.95993622959032]}"
2666,-0.03517867624759674,30.325704889999997,"{""type"":""Point"",""coordinates"":[76.33741972043366,9.87620647307867]}"
2667,-0.009681575931608677,30.00782903000004,"{""type"":""Point"",""coordinates"":[76.22408215244992,9.832360124970409]}"
2668,-0.014515065588057041,30.549585200000024,"{""type"":""Point"",""coordinates"":[76.24788319581597,9.83363538560555]}"
2669,-0.0249728225171566,31.308385639999983,"{""type"":""Point"",""coordinates"":[76.24814986748525,10.055032005692802]}"
2670,-0.017167387530207634,29.842055060000035,"{""type"":""Point"",""coordinates"":[76.18745493170705,9.919621902022751]}"
2671,0.04913480579853058,31.879194980000022,"{""type"":""Point"",""coordinates"":[76.33690750813633,9.933630655643228]}"
2672,0.006393846124410629,30.585474410000018,"{""type"":""Point"",""coordinates"":[76.35490940618914,9.907810652176227]}"
2673,0.21474669873714447,36.68834912,"{""type"":""Point"",""coordinates"":[76.30559980803848,9.985558014975878]}"
2674,-0.012707333080470562,31.400672180000015,"{""type"":""Point"",""coordinates"":[76.27889775027353,9.92712672220722]}"
2675,-0.0372428223490715,30.688015010000015,"{""type"":""Point"",""coordinates"":[76.3606755239577,9.882697123853871]}"
2676,0.30023789405822754,35.85777026000005,"{""type"":""Point"",""coordinates"":[76.36799551122088,9.994340012580823]}"
2677,0.20939277112483978,35.9500568,"{""type"":""Point"",""coordinates"":[76.32815463522569,9.983962968811232]}"
2678,0.34245601296424866,34.86141743000002,"{""type"":""Point"",""coordinates"":[76.28773293697468,9.930518442937311]}"
2679,0.24679771065711975,33.56427884000004,"{""type"":""Point"",""coordinates"":[76.25156699535333,10.024325200258891]}"
2680,0.1395835131406784,36.56359139,"{""type"":""Point"",""coordinates"":[76.27918630324531,9.973848366048214]}"
2681,0.3674469590187073,33.694163600000024,"{""type"":""Point"",""coordinates"":[76.39101824807433,9.940617375539258]}"
2682,0.21548888087272644,35.32797716000002,"{""type"":""Point"",""coordinates"":[76.22241867604862,10.023673471239439]}"
2683,0.06372532248497009,42.11958290000001,"{""type"":""Point"",""coordinates"":[76.27290473411489,9.942664148021006]}"
2684,0.12796084582805634,37.99745078000001,"{""type"":""Point"",""coordinates"":[76.27450047934965,10.02018595203546]}"
2685,-0.009361878037452698,29.77027664000002,"{""type"":""Point"",""coordinates"":[76.14349823366324,9.895626139321113]}"
2686,-0.01800728216767311,29.889907340000036,"{""type"":""Point"",""coordinates"":[76.1689002888328,9.9556605845304]}"
2687,-0.03207724168896675,29.99586596000003,"{""type"":""Point"",""coordinates"":[76.22726906330986,9.944777859940624]}"
2688,0.25607362389564514,33.318181400000014,"{""type"":""Point"",""coordinates"":[76.27997182402041,10.035853001818921]}"
2689,-0.0377553254365921,30.28468865000002,"{""type"":""Point"",""coordinates"":[76.21398577534598,10.002181167591244]}"
2690,0.2801050841808319,33.871900640000035,"{""type"":""Point"",""coordinates"":[76.29010063000824,9.862230611013146]}"
2691,-0.009022261947393417,29.82496495999999,"{""type"":""Point"",""coordinates"":[76.1405365494749,9.953512570937427]}"
2692,-0.019158687442541122,30.002702000000028,"{""type"":""Point"",""coordinates"":[76.17637671860777,10.026104303753128]}"
2693,-0.011127665638923645,30.071062400000017,"{""type"":""Point"",""coordinates"":[76.23466531705256,9.839994187638297]}"
2694,0.29369714856147766,34.929777830000035,"{""type"":""Point"",""coordinates"":[76.36121561951224,9.838166779109342]}"
2695,0.08453932404518127,39.85685366000001,"{""type"":""Point"",""coordinates"":[76.33261453252852,9.950444980623455]}"
2696,0.2515067756175995,35.71421342000002,"{""type"":""Point"",""coordinates"":[76.35224173278641,9.939614075869638]}"
2697,0.2691320478916168,35.02035536000005,"{""type"":""Point"",""coordinates"":[76.30362279437118,9.860897170168753]}"
2698,-0.01422119326889515,29.66944504999998,"{""type"":""Point"",""coordinates"":[76.15540365627864,9.976889021994952]}"
2699,0.2785944640636444,37.054077260000014,"{""type"":""Point"",""coordinates"":[76.36396943339442,9.925589973903792]}"
2700,0.011909919790923595,31.067415230000023,"{""type"":""Point"",""coordinates"":[76.29839382829262,9.854227595008222]}"
2701,-0.01543425302952528,30.194111120000002,"{""type"":""Point"",""coordinates"":[76.26024372835181,9.985954116501269]}"
2702,-0.03145385533571243,30.159930920000022,"{""type"":""Point"",""coordinates"":[76.35815970637509,9.890465560965582]}"
2703,-0.013416285626590252,29.77882169000003,"{""type"":""Point"",""coordinates"":[76.15203263246427,9.961597339514274]}"
2704,0.36318036913871765,33.94709708000005,"{""type"":""Point"",""coordinates"":[76.37791454662737,9.95248802281388]}"
2705,0.3279551565647125,32.90460098,"{""type"":""Point"",""coordinates"":[76.32474482606501,9.82103192072035]}"
2706,0.2699012756347656,35.611672819999995,"{""type"":""Point"",""coordinates"":[76.3519375072816,9.975489153610134]}"
2707,0.21510648727416992,39.42105611000002,"{""type"":""Point"",""coordinates"":[76.24419336586973,9.951004736188173]}"
2708,0.3249202370643616,33.789868160000026,"{""type"":""Point"",""coordinates"":[76.3681335334252,9.91588191478698]}"
2709,-0.03888680413365364,30.313741820000047,"{""type"":""Point"",""coordinates"":[76.20628906990628,9.975100544883023]}"
2710,0.24807630479335785,36.606316640000045,"{""type"":""Point"",""coordinates"":[76.24550689645066,9.968520002328361]}"
2711,0.3216002881526947,38.05897514000003,"{""type"":""Point"",""coordinates"":[76.30574254650404,9.980462119706129]}"
2712,-0.03327407315373421,30.241963400000003,"{""type"":""Point"",""coordinates"":[76.21632373275817,9.976290502184844]}"
2713,-0.009128647856414318,29.66602703000001,"{""type"":""Point"",""coordinates"":[76.160813798211,9.926376829671543]}"
2714,-0.0033769940491765738,30.25392647000004,"{""type"":""Point"",""coordinates"":[76.33894095052013,9.915400257870452]}"
2715,-0.008951591327786446,29.742932480000036,"{""type"":""Point"",""coordinates"":[76.17003733516081,9.894857706358861]}"
2716,0.29043859243392944,33.09942812000003,"{""type"":""Point"",""coordinates"":[76.25506494329116,9.91767669807532]}"
2717,-0.03684183210134506,30.25905350000005,"{""type"":""Point"",""coordinates"":[76.20554635745214,10.019026009363431]}"
2718,0.054979827255010605,31.106722460000015,"{""type"":""Point"",""coordinates"":[76.25433807932647,9.997737975911736]}"
2719,0.32838180661201477,35.52793133000003,"{""type"":""Point"",""coordinates"":[76.40250493513457,9.949255331285126]}"
2720,-0.017058512195944786,30.01124705000001,"{""type"":""Point"",""coordinates"":[76.26048838504941,9.804178378437472]}"
2721,0.2261858731508255,36.93102854000006,"{""type"":""Point"",""coordinates"":[76.23688656533288,9.99576954105988]}"
2722,0.20994466543197632,34.68026237000004,"{""type"":""Point"",""coordinates"":[76.38556531167741,9.935779489865926]}"
2723,0.16072674095630646,40.83098935999999,"{""type"":""Point"",""coordinates"":[76.27078252871759,9.96231586004724]}"
2724,0.16262954473495483,37.72913621000001,"{""type"":""Point"",""coordinates"":[76.32733870786734,10.013240814798882]}"
2725,0.12340445071458817,40.77630104000002,"{""type"":""Point"",""coordinates"":[76.34970231606685,9.978409709660825]}"
2726,0.16844232380390167,32.96270732000005,"{""type"":""Point"",""coordinates"":[76.253045733819,9.911212316995655]}"
2727,0.20690828561782837,36.035507300000006,"{""type"":""Point"",""coordinates"":[76.3119267241064,9.818126030019368]}"
2728,-0.02408023737370968,30.717068180000012,"{""type"":""Point"",""coordinates"":[76.28589967075929,9.811213141715854]}"
2729,0.21483032405376434,38.76650528000005,"{""type"":""Point"",""coordinates"":[76.25985958880655,9.93946443511902]}"
2730,-0.008435043506324291,29.89161635000002,"{""type"":""Point"",""coordinates"":[76.22122784035791,9.809735481345236]}"
2731,-0.02090565301477909,31.537392979999993,"{""type"":""Point"",""coordinates"":[76.29673787687888,9.91118195782588]}"
2732,0.1983657330274582,37.935926420000015,"{""type"":""Point"",""coordinates"":[76.36989723646671,10.011139499945672]}"
2733,-0.03829752281308174,30.320577860000014,"{""type"":""Point"",""coordinates"":[76.21742387546539,9.956661228148603]}"
2734,0.2618696689605713,35.20321942999999,"{""type"":""Point"",""coordinates"":[76.37852199315098,9.900026198752744]}"
2735,0.1041046679019928,32.02104281000001,"{""type"":""Point"",""coordinates"":[76.29539219925226,9.850540212108127]}"
2736,-0.010697475634515285,29.534433260000014,"{""type"":""Point"",""coordinates"":[76.14349356144918,9.983878745973731]}"
2737,-0.007249369286000729,29.773694660000018,"{""type"":""Point"",""coordinates"":[76.20831341728878,9.81514022015622]}"
2738,-0.008343574590981007,30.69997808000005,"{""type"":""Point"",""coordinates"":[76.22918367006586,9.973434041416775]}"
2739,-0.02036917768418789,31.214390090000023,"{""type"":""Point"",""coordinates"":[76.29312032684768,9.894154618553186]}"
2740,-0.042336754500865936,30.22829132000004,"{""type"":""Point"",""coordinates"":[76.20913841768046,10.021051982262458]}"
2741,0.14511945843696594,37.551399169999996,"{""type"":""Point"",""coordinates"":[76.31393884044202,10.051423247599212]}"
2742,-0.008941443637013435,30.02491913000003,"{""type"":""Point"",""coordinates"":[76.1623669067403,9.867557360981317]}"
2743,0.22465123236179352,38.493063680000006,"{""type"":""Point"",""coordinates"":[76.26907069111859,9.958951918971323]}"
2744,0.36490780115127563,34.743495740000014,"{""type"":""Point"",""coordinates"":[76.36385827938071,9.944935438133019]}"
2745,0.3513163924217224,33.59675003000001,"{""type"":""Point"",""coordinates"":[76.35943431037758,9.929935242677512]}"
2746,0.3458902835845947,34.282063040000025,"{""type"":""Point"",""coordinates"":[76.34084145324172,9.834633431561578]}"
2747,0.19623053073883057,35.41855469000001,"{""type"":""Point"",""coordinates"":[76.2210636863944,10.029505604962383]}"
2748,0.18336261808872223,36.773799620000005,"{""type"":""Point"",""coordinates"":[76.36020508907811,9.957943034110572]}"
2749,-0.03542355075478554,30.872588089999994,"{""type"":""Point"",""coordinates"":[76.36396826265955,9.877903859460671]}"
2750,-0.0349440835416317,30.865752050000026,"{""type"":""Point"",""coordinates"":[76.360076848022,9.875092770328296]}"
2751,0.1390279233455658,40.23625388000005,"{""type"":""Point"",""coordinates"":[76.289396079163,9.974862352208163]}"
2752,-0.030430495738983154,30.274434590000055,"{""type"":""Point"",""coordinates"":[76.2674402648605,9.79860359766399]}"
2753,-0.013842400163412094,30.122332700000015,"{""type"":""Point"",""coordinates"":[76.24020160713971,9.855460791252643]}"
2754,-0.011352157220244408,29.971939820000017,"{""type"":""Point"",""coordinates"":[76.23664753012031,9.847012697057181]}"
2755,-0.03414914757013321,30.97512869000002,"{""type"":""Point"",""coordinates"":[76.20817389713686,10.034351440727672]}"
2756,-0.009999813511967659,30.17702102000004,"{""type"":""Point"",""coordinates"":[76.21659449911256,9.861613658237214]}"
2757,0.33635926246643066,33.55915181000003,"{""type"":""Point"",""coordinates"":[76.38565136692203,9.961405604155415]}"
2758,-0.019685592502355576,29.75831357000004,"{""type"":""Point"",""coordinates"":[76.18722064927834,9.932127469726668]}"
2759,-0.009970439597964287,29.932632590000026,"{""type"":""Point"",""coordinates"":[76.16123450707349,9.868068131000701]}"
2760,-0.01006814744323492,29.799329810000017,"{""type"":""Point"",""coordinates"":[76.14583550942513,9.935726711485172]}"
2761,0.27349621057510376,33.07892000000001,"{""type"":""Point"",""coordinates"":[76.2471373418095,10.003062265962683]}"
2762,0.18840350210666656,39.18179471000002,"{""type"":""Point"",""coordinates"":[76.26195826049444,9.92851495289603]}"
2763,0.35717540979385376,32.72857295000003,"{""type"":""Point"",""coordinates"":[76.35537115323487,9.939560916507741]}"
2764,-0.022714661434292793,29.987320910000022,"{""type"":""Point"",""coordinates"":[76.23483788001633,9.911844734950156]}"
2765,0.32802262902259827,35.17074824000002,"{""type"":""Point"",""coordinates"":[76.37671235749389,10.00582907889372]}"
2766,-0.02147909440100193,29.86427219000001,"{""type"":""Point"",""coordinates"":[76.18140975368524,10.021750504537836]}"
2767,-0.021589763462543488,29.95997675000001,"{""type"":""Point"",""coordinates"":[76.17885550906928,9.994164862202757]}"
2768,-0.02975304052233696,30.323995879999984,"{""type"":""Point"",""coordinates"":[76.30123290214777,9.899953277242227]}"
2769,0.10886422544717789,37.52576402,"{""type"":""Point"",""coordinates"":[76.31097936715156,10.016474591420723]}"
2770,-0.02667282149195671,30.06764437999999,"{""type"":""Point"",""coordinates"":[76.24068602513573,9.899350685261552]}"
2771,0.1969592273235321,46.470722360000025,"{""type"":""Point"",""coordinates"":[76.25260533519157,9.948098553787936]}"
2772,-0.00953049398958683,30.272725580000014,"{""type"":""Point"",""coordinates"":[76.21843488933911,9.86566346141114]}"
2773,0.30001017451286316,34.55208662000001,"{""type"":""Point"",""coordinates"":[76.32753524704358,9.854809235771443]}"
2774,0.11882719397544861,37.04382320000002,"{""type"":""Point"",""coordinates"":[76.31429306758369,10.026775644081106]}"
2775,-0.0094064986333251,29.906997439999998,"{""type"":""Point"",""coordinates"":[76.16381498379808,9.891154935312079]}"
2776,-0.02025388740003109,29.910415460000024,"{""type"":""Point"",""coordinates"":[76.18695406175165,9.935913182133769]}"
2777,-0.008571982383728027,30.01637408000002,"{""type"":""Point"",""coordinates"":[76.19185190270122,9.885218020377621]}"
2778,-0.012041297741234303,31.482704660000024,"{""type"":""Point"",""coordinates"":[76.2715418918092,10.01367308123248]}"
2779,0.21993796527385712,38.42470328000002,"{""type"":""Point"",""coordinates"":[76.3167556271696,9.920479909019386]}"
2780,0.11495684087276459,36.77038160000001,"{""type"":""Point"",""coordinates"":[76.2851787247645,9.918697765491006]}"
2781,-0.00663077924400568,29.948013680000003,"{""type"":""Point"",""coordinates"":[76.19376679634503,9.846279928589086]}"
2782,0.09894896298646927,38.70668993000004,"{""type"":""Point"",""coordinates"":[76.30832212095129,9.844544802648342]}"
2783,0.09272412955760956,33.940261039999996,"{""type"":""Point"",""coordinates"":[76.21350147373911,10.019091365650906]}"
2784,-0.008243707939982414,29.869399220000048,"{""type"":""Point"",""coordinates"":[76.18633369566484,9.876020420927203]}"
2785,-0.010486748069524765,29.65406396000003,"{""type"":""Point"",""coordinates"":[76.14505201757069,9.906855128109648]}"
2786,-0.031167780980467796,30.21120122000002,"{""type"":""Point"",""coordinates"":[76.3570959325978,9.890116013592754]}"
2787,0.29364028573036194,35.982527989999994,"{""type"":""Point"",""coordinates"":[76.37421283614195,9.878701936833297]}"
2788,-0.014803258702158928,29.95997675000004,"{""type"":""Point"",""coordinates"":[76.20984805036838,9.91983968816873]}"
2789,0.2287909835577011,37.27795757000004,"{""type"":""Point"",""coordinates"":[76.21600613790508,10.053339678123931]}"
2790,0.2616337239742279,34.200030560000016,"{""type"":""Point"",""coordinates"":[76.34955347783645,9.861225921107076]}"
2791,-0.0099939638748765,30.182148050000023,"{""type"":""Point"",""coordinates"":[76.218808913684,9.876662256094567]}"
2792,-0.026509081944823265,29.883071299999983,"{""type"":""Point"",""coordinates"":[76.19009742282597,9.98986276061869]}"
2793,0.13347691297531128,38.12733554000005,"{""type"":""Point"",""coordinates"":[76.2603407883439,9.930762614507016]}"
2794,-0.03757858648896217,30.498314900000025,"{""type"":""Point"",""coordinates"":[76.2169943409102,9.951217947577286]}"
2795,0.2200823575258255,37.187380039999994,"{""type"":""Point"",""coordinates"":[76.30725459819706,9.845134982018694]}"
2796,-0.008203009143471718,30.040300220000006,"{""type"":""Point"",""coordinates"":[76.20435900890237,9.857533631260372]}"
2797,0.18603341281414032,37.57703432000005,"{""type"":""Point"",""coordinates"":[76.24274883597415,9.947818555921646]}"
2798,-0.027036285027861595,30.14625884,"{""type"":""Point"",""coordinates"":[76.24493854021237,9.891751121283347]}"
2799,-0.028718996793031693,30.428245490000023,"{""type"":""Point"",""coordinates"":[76.2606967664554,9.905445780139113]}"
2800,-0.026404544711112976,30.094988540000003,"{""type"":""Point"",""coordinates"":[76.27368832566223,9.893001889586102]}"
2801,-0.050651516765356064,30.47438876000004,"{""type"":""Point"",""coordinates"":[76.28279358689771,9.861291618216743]}"
2802,-0.01093207485973835,29.496835040000036,"{""type"":""Point"",""coordinates"":[76.14823612420038,9.990343853765612]}"
2803,0.33508267998695374,35.331395180000015,"{""type"":""Point"",""coordinates"":[76.40119884707605,9.911281111095606]}"
2804,-0.010588792152702808,29.990738929999992,"{""type"":""Point"",""coordinates"":[76.21326708770931,9.901486663001275]}"
2805,0.002127610379830003,30.831571850000046,"{""type"":""Point"",""coordinates"":[76.33802346761905,9.914262821723336]}"
2806,0.03934498503804207,31.810834580000005,"{""type"":""Point"",""coordinates"":[76.32226197472104,9.822702229400493]}"
2807,-0.03444748744368553,30.282979640000008,"{""type"":""Point"",""coordinates"":[76.20659060630356,9.99802371346141]}"
2808,-0.040621317923069,30.346213010000014,"{""type"":""Point"",""coordinates"":[76.20095581907523,10.044644676519134]}"
2809,-0.012469678185880184,29.664318020000053,"{""type"":""Point"",""coordinates"":[76.15342329588171,9.999100883669323]}"
2810,0.2436663806438446,36.12779384000004,"{""type"":""Point"",""coordinates"":[76.34291076263086,10.000587362527222]}"
2811,-0.02109934203326702,30.16334894000005,"{""type"":""Point"",""coordinates"":[76.23081248237831,9.915801497688946]}"
2812,-0.02008434385061264,29.874526250000002,"{""type"":""Point"",""coordinates"":[76.17730663840247,10.018197523909405]}"
2813,0.30758434534072876,33.02081365999999,"{""type"":""Point"",""coordinates"":[76.26642642821005,10.065135890152545]}"
2814,-0.01054107304662466,30.153094880000026,"{""type"":""Point"",""coordinates"":[76.23762092799483,9.808034818339841]}"
2815,0.34591367840766907,33.85139251999999,"{""type"":""Point"",""coordinates"":[76.29160697948632,10.05964528302549]}"
2816,0.15800492465496063,35.39291953999998,"{""type"":""Point"",""coordinates"":[76.23559255673798,10.010835119394153]}"
2817,-0.007417351007461548,29.910415460000024,"{""type"":""Point"",""coordinates"":[76.17385938733791,9.867389270313415]}"
2818,-0.010965815745294094,30.190693100000004,"{""type"":""Point"",""coordinates"":[76.2265495088254,9.878403916624086]}"
2819,-0.00999655295163393,30.083025470000024,"{""type"":""Point"",""coordinates"":[76.22417385155687,9.805348699835422]}"
2820,0.15285971760749817,37.26599450000003,"{""type"":""Point"",""coordinates"":[76.28644718544057,10.016565284652309]}"
2821,-0.011794870719313622,30.014665070000035,"{""type"":""Point"",""coordinates"":[76.19449462652612,9.906852536109678]}"
2822,-0.02534831129014492,29.971939820000046,"{""type"":""Point"",""coordinates"":[76.19509917594678,10.012007069451272]}"
2823,0.16449612379074097,36.22349840000004,"{""type"":""Point"",""coordinates"":[76.3394601195658,10.002878082962201]}"
2824,-0.008126260712742805,29.92066951999999,"{""type"":""Point"",""coordinates"":[76.17408233154279,9.879292899473546]}"
2825,0.27185970544815063,33.70783568000002,"{""type"":""Point"",""coordinates"":[76.27239445760864,10.056677790721768]}"
2826,0.30049991607666016,34.70589752000001,"{""type"":""Point"",""coordinates"":[76.3750918656735,9.874343305885587]}"
2827,-0.00741338636726141,29.96852180000002,"{""type"":""Point"",""coordinates"":[76.16018864624837,9.848131729050564]}"
2828,0.24197641015052795,32.70293780000003,"{""type"":""Point"",""coordinates"":[76.25050203963897,9.997226445206941]}"
2829,-0.017039211466908455,29.93775962000001,"{""type"":""Point"",""coordinates"":[76.1637142111486,9.946100472828292]}"
2830,0.15318730473518372,37.99745078000001,"{""type"":""Point"",""coordinates"":[76.31132609858466,9.983005649741457]}"
2831,-0.03563769906759262,30.40944638000002,"{""type"":""Point"",""coordinates"":[76.25630982940525,9.878573945172015]}"
2832,0.30659985542297363,33.32501744000001,"{""type"":""Point"",""coordinates"":[76.36599071179135,9.921628403705025]}"
2833,-0.014802040532231331,29.823255950000032,"{""type"":""Point"",""coordinates"":[76.25295908713517,9.814638724702982]}"
2834,0.2164638191461563,35.27328884000002,"{""type"":""Point"",""coordinates"":[76.35303079815255,9.9208210961438]}"
2835,-0.024338312447071075,30.78030154999999,"{""type"":""Point"",""coordinates"":[76.36908264328567,9.876386975392869]}"
2836,0.21270450949668884,42.05464052000002,"{""type"":""Point"",""coordinates"":[76.2517531818221,9.948555588088203]}"
2837,-0.02153041772544384,30.78542858,"{""type"":""Point"",""coordinates"":[76.3253443130035,9.872421920201857]}"
2838,0.23227067291736603,38.08461029000003,"{""type"":""Point"",""coordinates"":[76.31385895197347,10.048959723363621]}"
2839,-0.010360447689890862,29.712170300000025,"{""type"":""Point"",""coordinates"":[76.16761879330782,9.922524485472838]}"
2840,-0.031042134389281273,30.59914649000001,"{""type"":""Point"",""coordinates"":[76.2433278311894,10.021311186213769]}"
2841,0.24862070381641388,36.11412176000002,"{""type"":""Point"",""coordinates"":[76.3334196581656,9.977147141356314]}"
2842,0.19662895798683167,32.84307662000003,"{""type"":""Point"",""coordinates"":[76.20800057393286,10.046324626609572]}"
2843,-0.018951235339045525,29.87452625000003,"{""type"":""Point"",""coordinates"":[76.18307868025649,10.026015859879083]}"
2844,-0.028857750818133354,31.75785527000002,"{""type"":""Point"",""coordinates"":[76.28127423066933,9.955787690493821]}"
2845,0.1742284744977951,39.785075240000026,"{""type"":""Point"",""coordinates"":[76.34535058559115,10.02039304033616]}"
2846,0.2577407658100128,34.022293520000005,"{""type"":""Point"",""coordinates"":[76.2473557355424,9.991244590196017]}"
2847,0.07687262445688248,37.93250840000002,"{""type"":""Point"",""coordinates"":[76.28568576039179,9.997915259042365]}"
2848,-0.03721713274717331,30.14625884000003,"{""type"":""Point"",""coordinates"":[76.2219379821884,9.955817386058339]}"
2849,0.12022066861391068,33.832593410000044,"{""type"":""Point"",""coordinates"":[76.35342282394846,9.860320460619524]}"
2850,-0.03620133548974991,30.08986151000002,"{""type"":""Point"",""coordinates"":[76.2139656725215,9.976374334219708]}"
2851,0.16841940581798553,31.660441700000035,"{""type"":""Point"",""coordinates"":[76.34300807770555,9.919108658864559]}"
2852,-0.015560196712613106,30.34450400000003,"{""type"":""Point"",""coordinates"":[76.34555240060767,9.905315380010858]}"
2853,0.27897050976753235,35.97740096000001,"{""type"":""Point"",""coordinates"":[76.35219347882753,9.947566332669073]}"
2854,-0.008232353255152702,30.023210120000016,"{""type"":""Point"",""coordinates"":[76.21564563537444,9.848899089772358]}"
2855,-0.03197534382343292,30.365012120000017,"{""type"":""Point"",""coordinates"":[76.2652233664678,9.834813046657363]}"
2856,-0.01319546066224575,29.65406396000003,"{""type"":""Point"",""coordinates"":[76.14921143803234,9.995275135277641]}"
2857,0.14487996697425842,37.556526200000036,"{""type"":""Point"",""coordinates"":[76.28244257428162,10.002347707291214]}"
2858,-0.02079532854259014,29.97877586000004,"{""type"":""Point"",""coordinates"":[76.17352323353043,9.953383358479677]}"
2859,-0.02813797816634178,30.14625884000003,"{""type"":""Point"",""coordinates"":[76.26801169979333,9.820146275522706]}"
2860,0.16753830015659332,36.94470062000005,"{""type"":""Point"",""coordinates"":[76.32128978482598,10.016419905688542]}"
2861,-0.03383651375770569,30.11891467999999,"{""type"":""Point"",""coordinates"":[76.24859510859169,9.89937647130816]}"
2862,0.29925188422203064,33.67536449000002,"{""type"":""Point"",""coordinates"":[76.318532079448,9.818795271182868]}"
2863,-0.024948423728346825,29.937759620000037,"{""type"":""Point"",""coordinates"":[76.22381532622508,9.928428761421998]}"
2864,-0.02922716923058033,30.42824549000005,"{""type"":""Point"",""coordinates"":[76.34808191810357,9.894883756497968]}"
2865,-0.01107608899474144,29.889907340000008,"{""type"":""Point"",""coordinates"":[76.16005624416732,9.936784645458806]}"
2866,-0.0071541378274559975,29.924087540000016,"{""type"":""Point"",""coordinates"":[76.19045623396138,9.881468091837707]}"
2867,0.013010711409151554,30.911895319999985,"{""type"":""Point"",""coordinates"":[76.24237912124876,10.054196708979639]}"
2868,-0.007244614884257317,29.946304670000018,"{""type"":""Point"",""coordinates"":[76.21230107116926,9.841827821934434]}"
2869,-0.0083480104804039,30.02491913000003,"{""type"":""Point"",""coordinates"":[76.22224798810494,9.829156965703739]}"
2870,-0.03252970054745674,29.966812790000006,"{""type"":""Point"",""coordinates"":[76.24723556297275,9.90542431235472]}"
2871,0.3879481852054596,33.14044436000006,"{""type"":""Point"",""coordinates"":[76.37100620301824,9.917763345910648]}"
2872,0.09635000675916672,38.74257914000003,"{""type"":""Point"",""coordinates"":[76.29358078352988,9.976858234578536]}"
2873,0.3401237428188324,33.119936240000015,"{""type"":""Point"",""coordinates"":[76.38230677362303,9.993719218136722]}"
2874,-0.01916753314435482,30.16334893999999,"{""type"":""Point"",""coordinates"":[76.1658891257565,10.007360036591336]}"
2875,-0.016799932345747948,29.83521902000004,"{""type"":""Point"",""coordinates"":[76.25646371531582,9.829997942368315]}"
2876,-0.03723011538386345,30.549585200000024,"{""type"":""Point"",""coordinates"":[76.21372378173723,10.009085043073512]}"
2877,0.25002896785736084,32.614069280000024,"{""type"":""Point"",""coordinates"":[76.4023522823423,9.930005602161062]}"
2878,-0.013214070349931717,30.07618943,"{""type"":""Point"",""coordinates"":[76.19636102013351,9.89285787545304]}"
2879,-0.01954813115298748,30.187275080000035,"{""type"":""Point"",""coordinates"":[76.29676479527262,9.928482096777786]}"
2880,0.29429641366004944,33.62751221000002,"{""type"":""Point"",""coordinates"":[76.3125459772159,9.888504724832108]}"
2881,-0.03794219344854355,30.255635480000024,"{""type"":""Point"",""coordinates"":[76.20914158987928,9.995495466301746]}"
2882,-0.03372114151716232,31.12723058000006,"{""type"":""Point"",""coordinates"":[76.34963663397522,9.84828147920498]}"
2883,-0.013274691067636013,30.693142039999998,"{""type"":""Point"",""coordinates"":[76.26724517007831,10.020220899779629]}"
2884,-0.020042674615979195,30.026628140000014,"{""type"":""Point"",""coordinates"":[76.26521305417053,9.812049109694875]}"
2885,0.32237744331359863,35.62021787000003,"{""type"":""Point"",""coordinates"":[76.34141219996533,10.038717703242176]}"
2886,8.555751410312951E-4,30.90164126000002,"{""type"":""Point"",""coordinates"":[76.36841397891112,9.84907376649745]}"
2887,-0.008481035009026527,30.40602836000005,"{""type"":""Point"",""coordinates"":[76.23090045946006,9.805029102276418]}"
2888,-0.014903602190315723,29.57203148000002,"{""type"":""Point"",""coordinates"":[76.15760557885201,9.987462005483943]}"
2889,0.036338407546281815,31.375037030000016,"{""type"":""Point"",""coordinates"":[76.26766870449626,9.999140246605249]}"
2890,0.336593359708786,34.53499652000002,"{""type"":""Point"",""coordinates"":[76.24212788785248,9.949484875323927]}"
2891,-0.030188824981451035,29.910415460000024,"{""type"":""Point"",""coordinates"":[76.22708711059099,9.93812062486497]}"
2892,-0.00837794505059719,29.739514460000038,"{""type"":""Point"",""coordinates"":[76.13665980816646,9.930895442914027]}"
2893,0.0671260803937912,39.66544454000001,"{""type"":""Point"",""coordinates"":[76.21879686685793,10.000042315929583]}"
2894,0.30564385652542114,37.296756680000044,"{""type"":""Point"",""coordinates"":[76.38047528490034,9.916818603491416]}"
2895,0.32543182373046875,38.829738650000024,"{""type"":""Point"",""coordinates"":[76.27896014250693,9.939345619067618]}"
2896,-0.01672600768506527,30.37868420000001,"{""type"":""Point"",""coordinates"":[76.23983840799791,9.87482837512576]}"
2897,-0.008555075153708458,29.754895550000015,"{""type"":""Point"",""coordinates"":[76.13468223512919,9.906576311615762]}"
2898,-0.015184893272817135,30.305196770000038,"{""type"":""Point"",""coordinates"":[76.23582321520617,9.873678947454893]}"
2899,-0.034176845103502274,30.11207864000005,"{""type"":""Point"",""coordinates"":[76.20947980563109,9.983052623370853]}"
2900,-0.02189231663942337,29.901870410000015,"{""type"":""Point"",""coordinates"":[76.1788767445993,9.993916176583765]}"
2901,-0.02903069369494915,29.74805951000002,"{""type"":""Point"",""coordinates"":[76.24153655490747,9.917589277224838]}"
2902,-0.03906568884849548,30.40602836000005,"{""type"":""Point"",""coordinates"":[76.21855973155151,9.95594504367546]}"
2903,-0.008635973557829857,30.105242600000054,"{""type"":""Point"",""coordinates"":[76.22614916305322,9.843762805492386]}"
2904,0.10936696082353592,39.75089504000002,"{""type"":""Point"",""coordinates"":[76.257819489673,9.948984898684897]}"
2905,-0.03250311315059662,30.365012120000017,"{""type"":""Point"",""coordinates"":[76.20702034337744,9.950413741274508]}"
2906,0.1630680412054062,33.01739564000002,"{""type"":""Point"",""coordinates"":[76.32645337634891,9.98665047346375]}"
2907,0.30389508605003357,32.554253930000016,"{""type"":""Point"",""coordinates"":[76.25190105148639,10.01978122971449]}"
2908,-0.010491983033716679,29.77540367000003,"{""type"":""Point"",""coordinates"":[76.17350303261603,9.930026147056756]}"
2909,0.28705286979675293,32.58672511999998,"{""type"":""Point"",""coordinates"":[76.28224109084411,10.03444174212966]}"
2910,-0.015331917442381382,30.101824580000027,"{""type"":""Point"",""coordinates"":[76.2144628033815,9.918918233269194]}"
2911,-0.014833126217126846,29.689953170000024,"{""type"":""Point"",""coordinates"":[76.15596287365163,9.954207136464252]}"
2912,-0.03367796540260315,30.580347380000035,"{""type"":""Point"",""coordinates"":[76.3497473658485,9.888769374355405]}"
2913,0.4088837504386902,33.56769686000004,"{""type"":""Point"",""coordinates"":[76.2350642850695,9.982083953714886]}"
2914,-0.02234749123454094,30.23170934000001,"{""type"":""Point"",""coordinates"":[76.17433360162511,10.013863530308988]}"
2915,0.163605198264122,37.10534756000004,"{""type"":""Point"",""coordinates"":[76.29084345433196,9.983421512982618]}"
2916,-0.010401416569948196,30.088152500000007,"{""type"":""Point"",""coordinates"":[76.2332272948874,9.845035014616148]}"
2917,0.29107511043548584,32.37822590000002,"{""type"":""Point"",""coordinates"":[76.31574850783785,9.84423779292988]}"
2918,0.22879908978939056,39.468908390000024,"{""type"":""Point"",""coordinates"":[76.2842455736151,9.973862989551595]}"
2919,0.18810391426086426,34.04109263000001,"{""type"":""Point"",""coordinates"":[76.26250757089461,9.920024532329164]}"
2920,0.2708494961261749,36.94470062000002,"{""type"":""Point"",""coordinates"":[76.34158335915889,10.016079191964165]}"
2921,-0.032361842691898346,30.035173190000023,"{""type"":""Point"",""coordinates"":[76.20053251645854,9.957793439122561]}"
2922,0.11943940073251724,38.59560428000003,"{""type"":""Point"",""coordinates"":[76.27407707267866,9.925946508858615]}"
2923,0.14277876913547516,37.486456790000005,"{""type"":""Point"",""coordinates"":[76.29411967954348,9.993919807856134]}"
2924,-0.028341753408312798,30.21974627,"{""type"":""Point"",""coordinates"":[76.26503450251697,9.82514237759229]}"
2925,0.21622630953788757,36.22008038000001,"{""type"":""Point"",""coordinates"":[76.37984981382834,9.948664099602725]}"
2926,0.14593611657619476,38.035049000000015,"{""type"":""Point"",""coordinates"":[76.34614299706924,10.02962987486794]}"
2927,0.2936146855354309,34.50765236000001,"{""type"":""Point"",""coordinates"":[76.33738997438329,9.998264935528823]}"
2928,-0.00829220749437809,29.889907340000036,"{""type"":""Point"",""coordinates"":[76.17951181169423,9.853635437918019]}"
2929,-0.014925445429980755,29.756604560000028,"{""type"":""Point"",""coordinates"":[76.17798607947547,9.924722065632796]}"
2930,-0.013780887238681316,30.761502440000015,"{""type"":""Point"",""coordinates"":[76.22105860048853,10.020003327794914]}"
2931,-0.03266407549381256,30.030046159999984,"{""type"":""Point"",""coordinates"":[76.26687595699188,9.980509727558317]}"
2932,-0.06710906326770782,30.312032810000034,"{""type"":""Point"",""coordinates"":[76.27586680083874,9.853974000203873]}"
2933,0.009064046666026115,30.922149380000008,"{""type"":""Point"",""coordinates"":[76.26621414143698,10.031159638493078]}"
2934,0.15707771480083466,37.92909038000005,"{""type"":""Point"",""coordinates"":[76.22612348174987,10.020097874558017]}"
2935,0.2863907814025879,32.44316828000001,"{""type"":""Point"",""coordinates"":[76.26313535822752,9.917504124453835]}"
2936,0.37231647968292236,34.69906148000001,"{""type"":""Point"",""coordinates"":[76.37269449511601,9.913738106209552]}"
2937,-0.009648703038692474,29.86085417000001,"{""type"":""Point"",""coordinates"":[76.15806732527345,9.898274404500757]}"
2938,0.07606277614831924,36.65416892000002,"{""type"":""Point"",""coordinates"":[76.26119974732056,9.950110573932772]}"
2939,-0.029200024902820587,29.980484869999998,"{""type"":""Point"",""coordinates"":[76.24320393586557,9.900001106418658]}"
2940,-0.02854272536933422,30.641871740000056,"{""type"":""Point"",""coordinates"":[76.3618297272805,9.889128030321261]}"
2941,-0.021698156371712685,29.97706685,"{""type"":""Point"",""coordinates"":[76.1842851361176,9.999269485509982]}"
2942,0.03717852383852005,31.76981834000003,"{""type"":""Point"",""coordinates"":[76.25528273017427,9.992927849642117]}"
2943,-0.013073889538645744,29.760022580000026,"{""type"":""Point"",""coordinates"":[76.15420408312872,9.999663307379041]}"
2944,0.1952289640903473,38.294818520000035,"{""type"":""Point"",""coordinates"":[76.34194422795348,10.024103963358021]}"
2945,0.24207106232643127,34.66488128000003,"{""type"":""Point"",""coordinates"":[76.35845331958006,9.912493266650928]}"
2946,0.25577083230018616,34.485435230000036,"{""type"":""Point"",""coordinates"":[76.23379662337257,10.01382226956365]}"
2947,-0.011822732165455818,30.012956060000022,"{""type"":""Point"",""coordinates"":[76.23412389483195,9.842165394908095]}"
2948,-0.008578634820878506,29.89503437000002,"{""type"":""Point"",""coordinates"":[76.16090359906335,9.876215554863904]}"
2949,0.3528231680393219,33.61554914000001,"{""type"":""Point"",""coordinates"":[76.36805983658897,9.89255947296905]}"
2950,-0.021938059478998184,30.08131646000001,"{""type"":""Point"",""coordinates"":[76.1833348487755,10.006192668799141]}"
2951,0.1998254656791687,31.523720900000058,"{""type"":""Point"",""coordinates"":[76.20769565298443,10.047802862984948]}"
2952,-0.03925318270921707,29.879653280000042,"{""type"":""Point"",""coordinates"":[76.19422058705506,9.972018291208192]}"
2953,0.07324127852916718,31.375037030000016,"{""type"":""Point"",""coordinates"":[76.29429939379284,9.8034509179428]}"
2954,0.24197234213352203,34.53841454000002,"{""type"":""Point"",""coordinates"":[76.33213976337433,9.839012640349337]}"
2955,-0.009525226429104805,29.71387931000001,"{""type"":""Point"",""coordinates"":[76.15153588857487,9.91453744002396]}"
2956,0.2819644808769226,32.86187573000001,"{""type"":""Point"",""coordinates"":[76.37718746588634,9.898430101741203]}"
2957,0.15612788498401642,31.51004882000001,"{""type"":""Point"",""coordinates"":[76.26005873826892,10.0412010724811]}"
2958,0.15229345858097076,39.07925411000002,"{""type"":""Point"",""coordinates"":[76.29364455243329,9.947097309192833]}"
2959,0.16090384125709534,32.45342234000003,"{""type"":""Point"",""coordinates"":[76.30278741790057,9.842987953206237]}"
2960,-0.03612729161977768,30.385520240000005,"{""type"":""Point"",""coordinates"":[76.21475979213088,9.946363465692265]}"
2961,-0.007244929205626249,29.89503437000002,"{""type"":""Point"",""coordinates"":[76.1699469858513,9.857522531385854]}"
2962,0.16030387580394745,36.03892532000003,"{""type"":""Point"",""coordinates"":[76.21350990594738,10.038807543048126]}"
2963,-0.009457035921514034,30.175312010000027,"{""type"":""Point"",""coordinates"":[76.23025655597237,9.836266244131467]}"
2964,0.1764419972896576,36.67638605000002,"{""type"":""Point"",""coordinates"":[76.32117414835312,10.004327548982362]}"
2965,-0.021958494558930397,31.157992760000013,"{""type"":""Point"",""coordinates"":[76.266458499408,9.983347970242566]}"
2966,0.2853679955005646,35.478370040000016,"{""type"":""Point"",""coordinates"":[76.39088179844488,9.897948120800583]}"
2967,0.28046032786369324,34.24959185000003,"{""type"":""Point"",""coordinates"":[76.3206951008612,9.816760972315594]}"
2968,-0.008745688945055008,29.886489320000038,"{""type"":""Point"",""coordinates"":[76.14455882926441,9.892237567680658]}"
2969,-0.024842245504260063,30.277852610000025,"{""type"":""Point"",""coordinates"":[76.29942227123829,9.913382406547614]}"
2970,-0.008188790641725063,29.98219388000001,"{""type"":""Point"",""coordinates"":[76.19627668857235,9.826986054005294]}"
2971,-0.00811209250241518,30.071062400000017,"{""type"":""Point"",""coordinates"":[76.19767523648213,9.847066110346592]}"
2972,0.17848671972751617,37.87098404000005,"{""type"":""Point"",""coordinates"":[76.31397484718475,10.057795014585617]}"
2973,-0.03864436596632004,29.930923580000012,"{""type"":""Point"",""coordinates"":[76.19146928829196,9.96765022960096]}"
2974,-0.022993547841906548,30.136004780000036,"{""type"":""Point"",""coordinates"":[76.26752209879056,9.812629300113443]}"
2975,0.1809345930814743,36.58922654000003,"{""type"":""Point"",""coordinates"":[76.33092071067792,10.015123980472698]}"
2976,-0.01486064214259386,29.75147752999999,"{""type"":""Point"",""coordinates"":[76.15904048437731,9.94879477809867]}"
2977,0.2215038537979126,35.91587660000005,"{""type"":""Point"",""coordinates"":[76.339600433906,10.043405303861048]}"
2978,0.23007161915302277,32.15776361000002,"{""type"":""Point"",""coordinates"":[76.24807941230856,9.994582662360619]}"
2979,0.38206392526626587,32.84991266000003,"{""type"":""Point"",""coordinates"":[76.3210365456951,9.923397894638608]}"
2980,0.29138943552970886,34.135088180000025,"{""type"":""Point"",""coordinates"":[76.28936621781962,9.861237466997633]}"
2981,-0.007696832064539194,29.876235259999987,"{""type"":""Point"",""coordinates"":[76.17263296132037,9.846018272349449]}"
2982,0.151825413107872,36.26109662000002,"{""type"":""Point"",""coordinates"":[76.21610817325433,10.04509459764258]}"
2983,-0.01670505292713642,30.091570520000005,"{""type"":""Point"",""coordinates"":[76.25207109112651,9.851103009336557]}"
2984,0.0916365310549736,37.28650262000002,"{""type"":""Point"",""coordinates"":[76.27197608950783,9.987369852295643]}"
2985,-0.012326706200838089,30.057390320000025,"{""type"":""Point"",""coordinates"":[76.20710498568393,9.909009738233914]}"
2986,0.2426542192697525,36.349965139999995,"{""type"":""Point"",""coordinates"":[76.38570972599247,9.922138779754246]}"
2987,-0.018711837008595467,30.105242600000054,"{""type"":""Point"",""coordinates"":[76.23256270055136,9.899398469330272]}"
2988,0.29407426714897156,34.553795629999996,"{""type"":""Point"",""coordinates"":[76.39890443829263,9.948106714303169]}"
2989,0.1275833249092102,38.62978448000001,"{""type"":""Point"",""coordinates"":[76.28005537770336,10.007780470514613]}"
2990,-0.017673684284090996,30.11549666000002,"{""type"":""Point"",""coordinates"":[76.23443340709646,9.89385760981956]}"
2991,0.10870470851659775,38.298236540000005,"{""type"":""Point"",""coordinates"":[76.2880281755123,10.06134339311676]}"
2992,0.16900986433029175,35.95347482,"{""type"":""Point"",""coordinates"":[76.25174562473876,9.929667859229763]}"
2993,0.2537955641746521,34.33504235000001,"{""type"":""Point"",""coordinates"":[76.301860721955,9.824130511243565]}"
2994,-0.007340144831687212,30.040300220000034,"{""type"":""Point"",""coordinates"":[76.1994983596789,9.843372269590226]}"
2995,0.0637994259595871,30.518823020000013,"{""type"":""Point"",""coordinates"":[76.27448909405217,9.859479231351605]}"
2996,-0.011299073696136475,29.777112680000016,"{""type"":""Point"",""coordinates"":[76.16259080726171,9.910847884299324]}"
2997,-0.03917327895760536,30.679469960000006,"{""type"":""Point"",""coordinates"":[76.28060045806605,9.82845055913319]}"
2998,0.3312563896179199,37.03186013000001,"{""type"":""Point"",""coordinates"":[76.38028193815174,9.977667457320669]}"
2999,-0.03481408581137657,30.161639930000035,"{""type"":""Point"",""coordinates"":[76.22612490191352,9.965242974220935]}"
